id,heduc,heblack,mixed,years,div,agediff
9,15-Dec,0,0,10.546,0,Peer
11,<12,0,0,34.943,0,Peer
13,<12,0,0,2.834,1,Peer
15,<12,0,0,17.532,1,Peer
33,15-Dec,0,0,1.418,0,Peer
36,<12,0,0,48.033,0,Peer
43,>15,0,0,16.706,0,Peer
47,<12,0,0,24.999,0,OlderHusband
50,<12,0,0,24.999,0,OlderHusband
56,<12,1,0,3.869,0,OlderHusband
63,15-Dec,1,0,7.732,0,Peer
66,15-Dec,0,0,5.2105,1,Peer
70,15-Dec,0,0,15.444,0,Peer
77,>15,0,0,4.085,0,Peer
80,<12,0,0,17.333,0,Peer
84,15-Dec,0,0,16.331,0,OlderHusband
87,15-Dec,0,0,35.335,0,Peer
90,<12,0,0,37.67,0,Peer
91,15-Dec,0,0,19.1865,1,Peer
94,15-Dec,0,0,22.697,0,Peer
109,<12,0,0,50.776,0,OlderHusband
111,<12,0,0,37.495,0,Peer
114,<12,0,0,30.738,0,OlderHusband
116,<12,0,0,48.654,0,Peer
118,<12,0,0,33.024,0,Peer
120,<12,0,0,36.668,0,OlderHusband
122,>15,0,0,27.992,0,Peer
124,>15,0,0,27.789,0,Peer
128,15-Dec,0,0,3.2525,1,Peer
129,15-Dec,0,0,5.67,1,Peer
137,<12,0,0,17.999,0,OlderHusband
139,<12,0,0,7.5975,1,Peer
141,<12,0,0,1.791,0,OlderHusband
145,<12,0,0,2.475,0,OlderHusband
148,15-Dec,0,0,35.959,0,Peer
153,15-Dec,0,0,13.136,0,Peer
160,15-Dec,0,0,5.717,0,Peer
162,15-Dec,0,0,5.717,0,Peer
164,15-Dec,0,0,26.278,0,Peer
165,15-Dec,0,0,4.331,1,Peer
166,<12,0,0,8.893,0,OlderWife
170,15-Dec,0,0,15.743,0,Peer
183,<12,0,0,4.671,1,OlderHusband
194,<12,0,0,48.356,0,OlderHusband
196,<12,0,0,39.332,0,OlderHusband
199,<12,0,0,39.332,0,OlderHusband
212,15-Dec,0,0,61.525,0,OlderHusband
214,15-Dec,0,0,12.999,0,Peer
219,15-Dec,0,0,14.817,0,Peer
221,<12,0,0,33.755,1,Peer
223,<12,0,0,56.999,0,Peer
226,15-Dec,0,0,3.606,0,OlderHusband
228,<12,0,0,3.606,0,OlderHusband
230,<12,1,0,16.999,0,Peer
232,<12,1,0,42.015,1,Peer
234,15-Dec,0,0,37.837,0,Peer
237,15-Dec,1,0,18.16,0,Peer
245,15-Dec,0,0,18.018,0,Peer
254,15-Dec,0,0,13.667,1,OlderHusband
258,15-Dec,0,0,3.584,1,OlderHusband
264,<12,0,0,2.502,1,Peer
268,>15,0,0,14.7135,1,Peer
271,<12,0,0,35.932,0,OlderHusband
275,>15,0,0,13.864,0,Peer
280,15-Dec,0,0,25.8015,1,OlderHusband
287,<12,0,0,14.3495,1,Peer
289,<12,0,0,57.506,0,Peer
293,15-Dec,0,0,7.915,1,Peer
295,<12,0,0,7.162,0,OlderHusband
298,>15,0,0,41.971,0,Peer
300,>15,0,0,12.991,0,Peer
302,15-Dec,0,0,18.3355,1,Peer
305,15-Dec,0,0,18.809,0,Peer
310,<12,0,0,1.864,0,Peer
312,15-Dec,0,0,53.084,0,Peer
315,15-Dec,0,0,17.2895,1,Peer
320,15-Dec,0,0,32.167,1,Peer
325,15-Dec,0,0,18.338,0,Peer
329,15-Dec,0,0,23.469,0,Peer
331,>15,0,0,34.762,0,Peer
333,15-Dec,0,0,4.4325,1,Peer
336,15-Dec,0,0,19.081,0,Peer
339,<12,0,0,35.8465,1,Peer
341,15-Dec,0,0,7.247,1,Peer
342,15-Dec,0,0,28.151,0,OlderHusband
344,15-Dec,0,0,15.9975,1,Peer
346,<12,0,0,2.2125,1,Peer
350,>15,0,0,8.789,0,OlderHusband
351,>15,0,0,8.789,0,OlderHusband
353,>15,0,0,17.999,0,Peer
357,>15,0,0,14.084,0,OlderHusband
362,<12,0,0,27.009,0,Peer
364,<12,1,0,42.313,0,OlderWife
370,<12,0,0,9.002,0,OlderHusband
372,<12,0,0,35.001,0,Peer
375,<12,0,0,35.001,0,Peer
377,<12,0,0,5.0025,1,Peer
385,15-Dec,0,0,37.248,0,Peer
390,<12,0,0,34.653,0,Peer
392,15-Dec,0,0,16.605,0,Peer
394,<12,0,0,44.841,0,Peer
398,15-Dec,0,0,11.671,0,OlderWife
399,15-Dec,0,0,20.504,0,Peer
405,>15,0,0,6.913,0,OlderHusband
408,<12,0,0,22.404,0,Peer
410,<12,0,0,31.485,0,Peer
418,<12,0,0,3.4965,1,Peer
425,<12,0,0,24,0,Peer
427,<12,0,0,33.851,0,Peer
428,15-Dec,0,0,14.576,0,Peer
431,<12,0,0,2.0015,1,Peer
434,15-Dec,0,0,52.663,0,Peer
437,<12,0,0,2.6095,1,Peer
439,>15,0,0,22.719,0,OlderHusband
445,15-Dec,0,0,4.5805,1,Peer
447,<12,0,0,43.751,0,Peer
449,<12,0,0,42.062,0,Peer
451,>15,0,0,29.07,0,OlderHusband
454,>15,0,0,29.07,0,OlderHusband
457,15-Dec,0,0,56.052,0,Peer
462,15-Dec,0,0,17.081,1,Peer
468,15-Dec,0,0,27.168,0,Peer
470,<12,0,0,6.001,0,Peer
475,15-Dec,0,0,5.919,1,Peer
477,15-Dec,0,0,20,0,Peer
479,>15,0,0,10.456,1,Peer
485,<12,0,0,26.971,0,Peer
493,<12,0,0,53.84,0,OlderWife
496,15-Dec,1,0,11.581,1,Peer
502,>15,1,0,22.976,0,Peer
504,<12,0,0,32.999,0,OlderHusband
508,15-Dec,0,0,8.3615,1,OlderHusband
510,15-Dec,0,0,17.084,1,OlderWife
512,15-Dec,0,0,8.003,0,Peer
513,15-Dec,0,0,3.775,0,Peer
520,15-Dec,0,0,3.565,0,OlderHusband
528,<12,0,0,4.977,0,Peer
530,15-Dec,0,0,5.246,0,OlderHusband
537,15-Dec,0,0,1.257,0,OlderHusband
551,15-Dec,0,0,0.6,0,Peer
553,<12,0,0,40.501,0,Peer
559,15-Dec,0,0,49.002,0,OlderHusband
561,<12,0,0,6.0015,1,Peer
566,15-Dec,0,0,1.878,0,OlderHusband
576,15-Dec,1,0,7.003,0,Peer
579,15-Dec,1,0,7.003,0,Peer
581,>15,0,0,41.199,0,Peer
584,15-Dec,0,0,47.546,0,OlderHusband
590,15-Dec,0,0,21.467,0,Peer
592,>15,0,0,21.002,1,Peer
600,15-Dec,0,0,21.467,0,Peer
602,<12,0,0,24.832,0,Peer
604,<12,0,0,41.999,0,Peer
606,<12,0,0,16.972,0,Peer
607,15-Dec,1,0,14.867,0,Peer
613,15-Dec,1,0,7.1675,1,OlderHusband
615,<12,1,0,21.498,1,OlderHusband
616,15-Dec,1,0,7.1675,1,OlderHusband
620,15-Dec,0,0,13.421,0,OlderHusband
628,15-Dec,0,0,15.849,0,Peer
638,15-Dec,0,0,19.425,0,OlderHusband
676,>15,0,0,9.336,1,Peer
684,>15,0,0,10.587,1,Peer
686,<12,0,0,8.668,1,Peer
688,<12,0,0,34.004,0,Peer
690,<12,0,0,31.997,0,Peer
693,15-Dec,0,0,9.5825,1,Peer
700,15-Dec,0,0,48.46,0,OlderHusband
702,15-Dec,0,0,12.527,1,Peer
705,15-Dec,0,0,20.252,0,OlderHusband
713,15-Dec,0,0,5.002,1,Peer
716,>15,0,0,4.4955,1,Peer
718,15-Dec,0,0,6.776,1,Peer
720,15-Dec,0,0,12,0,Peer
721,15-Dec,0,0,13.5795,1,Peer
725,15-Dec,0,0,11.291,1,Peer
728,<12,0,0,40.602,0,Peer
730,<12,0,0,54.412,0,Peer
734,15-Dec,0,0,9.563,0,OlderHusband
740,15-Dec,0,0,7.901,0,Peer
748,>15,0,0,24.03,0,OlderHusband
751,>15,0,0,7.901,0,Peer
753,<12,0,0,43.685,0,Peer
756,<12,0,0,43.685,0,Peer
759,15-Dec,0,0,29.366,0,OlderHusband
763,15-Dec,0,0,2.554,0,Peer
769,15-Dec,0,0,4.668,1,OlderHusband
771,15-Dec,0,0,4.9585,1,Peer
774,15-Dec,0,0,2.554,0,Peer
780,15-Dec,0,0,4.7365,1,Peer
786,15-Dec,0,0,1.624,0,Peer
789,>15,0,0,42.919,0,OlderHusband
791,<12,0,0,14.972,1,Peer
794,15-Dec,0,0,3.748,1,Peer
798,15-Dec,0,0,1.106,0,Peer
807,15-Dec,0,0,2.6695,1,Peer
809,<12,0,0,34.998,0,Peer
811,<12,0,0,34.075,1,Peer
814,15-Dec,1,0,20.999,0,Peer
818,<12,0,0,46.979,0,Peer
820,>15,0,0,28.775,0,OlderHusband
823,15-Dec,0,0,61.407,0,OlderHusband
829,<12,0,0,2.998,0,Peer
831,>15,0,0,22.475,0,OlderHusband
840,>15,0,0,10.743,0,Peer
842,<12,0,0,35.335,0,Peer
844,15-Dec,0,0,32.175,0,Peer
846,<12,0,0,38.149,0,Peer
852,15-Dec,0,0,11.2525,1,Peer
856,<12,0,0,1.3335,1,Peer
859,<12,0,0,55.833,0,Peer
863,<12,0,0,41.164,0,OlderHusband
868,<12,0,0,37.06,0,OlderWife
872,<12,0,0,4.9005,1,Peer
875,15-Dec,0,0,28.738,1,Peer
877,15-Dec,0,0,1.232,1,Peer
880,>15,0,0,29.634,0,Peer
883,<12,0,0,13.999,0,Peer
885,15-Dec,0,0,38.324,0,Peer
887,>15,0,0,5.541,0,Peer
895,>15,0,0,37.268,0,OlderHusband
900,<12,1,0,53.459,0,OlderHusband
902,<12,1,0,30.96,0,Peer
904,<12,0,0,7.001,0,Peer
912,<12,0,0,46.1,0,Peer
915,15-Dec,0,0,54.79,0,OlderHusband
917,>15,0,0,30.001,0,Peer
919,>15,0,0,36.252,0,Peer
926,<12,1,0,24.999,0,Peer
929,<12,0,0,32,0,Peer
931,<12,0,0,25.999,0,Peer
936,15-Dec,1,0,9.421,1,Peer
937,15-Dec,0,1,8.783,0,Peer
940,15-Dec,0,0,40.252,0,Peer
942,<12,0,0,6.875,1,Peer
947,>15,0,0,13.588,1,Peer
952,15-Dec,0,0,21.736,0,Peer
957,15-Dec,0,0,13.057,0,Peer
960,<12,0,0,35.028,0,Peer
963,<12,1,0,24.26,0,OlderHusband
964,<12,1,0,22.015,0,OlderHusband
971,<12,0,0,34.571,0,Peer
973,<12,0,0,22.998,0,Peer
976,>15,0,0,46.823,0,Peer
979,15-Dec,0,0,47.17,0,OlderHusband
982,15-Dec,0,0,20.093,0,Peer
986,15-Dec,0,0,12.887,0,Peer
987,15-Dec,0,0,12.887,0,Peer
989,<12,0,0,32.167,0,Peer
991,<12,0,0,52.671,0,Peer
996,>15,0,0,20.665,0,Peer
1002,>15,0,0,18.76,0,Peer
1005,>15,0,0,18.76,0,Peer
1008,15-Dec,0,0,10.587,1,Peer
1010,>15,0,0,7.6715,1,Peer
1012,>15,0,0,25.073,0,Peer
1015,>15,0,0,30.773,0,Peer
1021,<12,0,0,0.879,0,Peer
1024,15-Dec,0,0,1.002,0,Peer
1031,15-Dec,0,0,48.802,0,Peer
1053,15-Dec,0,0,3.669,0,Peer
1056,>15,0,0,23.001,0,OlderHusband
1060,<12,0,0,48.413,0,Peer
1061,>15,0,0,14.511,0,Peer
1063,<12,0,0,49.916,0,OlderHusband
1066,15-Dec,0,0,60.504,0,OlderHusband
1068,<12,0,0,21.9315,1,Peer
1069,15-Dec,0,0,4.482,0,OlderHusband
1074,<12,0,0,55.581,0,OlderHusband
1076,15-Dec,0,0,42.582,0,Peer
1077,>15,0,0,26.604,0,Peer
1079,15-Dec,0,0,36.301,1,Peer
1084,15-Dec,0,0,8,1,Peer
1087,15-Dec,0,0,32.668,0,Peer
1089,<12,0,0,20.999,0,Peer
1091,<12,0,0,57.049,0,Peer
1098,15-Dec,0,0,2.0835,1,Peer
1099,15-Dec,0,0,9.016,0,OlderHusband
1101,<12,0,0,44,0,Peer
1110,<12,0,0,55.496,0,OlderHusband
1112,<12,0,0,61.832,0,Peer
1115,<12,0,0,17.169,1,OlderHusband
1121,<12,0,0,14.7955,1,Peer
1127,15-Dec,0,0,10.6695,1,Peer
1131,15-Dec,0,0,3.31,1,Peer
1133,15-Dec,0,0,7.4345,1,Peer
1134,15-Dec,0,0,18.757,1,Peer
1137,15-Dec,0,0,3.888,0,OlderHusband
1139,>15,0,0,21.7465,1,Peer
1143,<12,0,0,3.425,0,OlderHusband
1145,15-Dec,0,0,10.872,1,Peer
1149,15-Dec,0,0,27.97,0,Peer
1151,15-Dec,0,0,14.0125,1,Peer
1153,15-Dec,1,0,21.0045,1,Peer
1155,>15,0,0,4.49,0,Peer
1160,15-Dec,0,0,10.653,0,Peer
1161,15-Dec,0,0,10.653,0,Peer
1164,15-Dec,0,0,59.948,0,Peer
1166,>15,0,0,9.0105,1,OlderHusband
1169,>15,0,0,8.999,1,OlderHusband
1172,<12,0,0,49.35,0,OlderHusband
1174,<12,0,0,56.101,0,OlderHusband
1176,<12,0,0,14.012,0,Peer
1178,<12,0,0,22.982,0,Peer
1180,<12,0,0,44.077,0,Peer
1184,>15,0,0,47.88,0,Peer
1186,<12,0,0,10.5955,1,Peer
1188,15-Dec,0,0,4.665,1,Peer
1191,15-Dec,0,0,50.653,0,Peer
1197,15-Dec,0,0,13.029,0,OlderHusband
1206,<12,0,0,57.164,0,OlderHusband
1209,15-Dec,0,0,1.4605,1,Peer
1210,>15,0,0,24.747,0,Peer
1212,<12,0,0,51.001,0,Peer
1213,>15,0,0,14.198,0,OlderHusband
1216,>15,0,0,44.383,0,Peer
1218,<12,0,0,36.205,1,Peer
1221,15-Dec,0,0,47.001,0,OlderHusband
1223,15-Dec,0,0,50.962,0,Peer
1226,15-Dec,0,0,38.42,0,Peer
1230,<12,0,0,23.458,0,Peer
1232,<12,0,0,48.559,0,Peer
1236,15-Dec,0,0,10.9325,1,Peer
1238,<12,0,0,44.063,0,Peer
1241,>15,0,0,22.579,0,OlderHusband
1253,<12,0,0,1.251,1,OlderHusband
1263,<12,0,0,16.309,0,Peer
1273,15-Dec,0,0,2.8335,1,Peer
1278,15-Dec,0,0,15.671,0,Peer
1282,>15,0,0,11.587,0,Peer
1291,15-Dec,0,0,6.39,1,OlderHusband
1292,15-Dec,0,0,15.6715,1,Peer
1295,15-Dec,1,0,17.7765,1,OlderHusband
1297,<12,1,1,10.6355,1,Peer
1300,<12,1,0,54.505,0,OlderHusband
1308,>15,1,0,14.631,0,Peer
1317,15-Dec,1,0,16.057,0,Peer
1322,<12,0,0,19.001,0,Peer
1325,<12,0,0,19.001,0,Peer
1329,15-Dec,0,0,3.165,0,Peer
1332,<12,0,0,24.671,0,Peer
1336,>15,0,0,1.1075,1,Peer
1339,<12,0,0,27.499,1,OlderHusband
1345,15-Dec,0,0,17.254,1,OlderHusband
1357,>15,0,0,15.003,0,Peer
1360,>15,0,0,14.768,0,Peer
1362,15-Dec,0,0,8.6845,1,Peer
1366,<12,0,0,9.0855,1,Peer
1367,15-Dec,0,0,6.0205,1,Peer
1369,15-Dec,0,0,32.706,0,OlderHusband
1372,15-Dec,0,0,32.706,0,OlderHusband
1374,15-Dec,0,0,33.498,0,Peer
1376,>15,0,0,30.653,1,Peer
1379,>15,0,0,34.04,0,OlderHusband
1381,<12,0,0,55.398,0,OlderHusband
1383,<12,0,0,51.707,0,Peer
1385,>15,0,0,33.207,0,Peer
1386,>15,0,0,8.758,0,Peer
1388,<12,0,0,50.001,0,Peer
1399,>15,0,0,18.971,0,Peer
1405,>15,0,0,21.804,0,Peer
1412,>15,0,0,5.53,0,OlderHusband
1418,<12,0,0,42.341,0,OlderHusband
1425,15-Dec,0,0,10.179,0,OlderHusband
1426,15-Dec,0,0,0.972,0,OlderHusband
1434,15-Dec,0,0,0.972,0,OlderHusband
1439,<12,0,0,14.565,0,Peer
1470,15-Dec,0,0,13.689,0,Peer
1475,15-Dec,0,0,7.368,0,Peer
1477,15-Dec,0,0,25.084,0,Peer
1483,15-Dec,0,0,22.242,0,Peer
1486,15-Dec,0,0,5.1525,1,OlderHusband
1489,15-Dec,0,0,18.858,0,OlderHusband
1491,<12,0,0,7.5815,1,Peer
1493,>15,0,0,37.5005,1,Peer
1495,<12,0,0,53.498,0,Peer
1500,15-Dec,0,0,6.407,0,Peer
1506,>15,0,0,3.811,0,Peer
1509,<12,0,0,9.569,0,Peer
1511,>15,0,0,40.115,0,Peer
1514,15-Dec,0,0,34.582,0,Peer
1519,>15,0,0,7.546,0,Peer
1520,>15,0,0,7.546,0,Peer
1522,15-Dec,0,0,58.053,0,OlderHusband
1528,15-Dec,0,0,11.272,0,Peer
1534,<12,0,0,60.208,0,Peer
1536,<12,0,0,22.001,0,Peer
1539,15-Dec,0,0,21.164,0,OlderHusband
1546,>15,0,0,20,1,Peer
1555,15-Dec,0,0,4.252,1,Peer
1589,15-Dec,0,0,11.1675,1,OlderHusband
1596,>15,0,0,10.2065,1,Peer
1599,>15,0,0,50.385,0,OlderHusband
1603,<12,0,1,5.848,0,Peer
1609,>15,0,0,1.6125,1,Peer
1611,<12,0,0,35.381,0,Peer
1624,15-Dec,0,0,6.795,0,Peer
1632,>15,0,0,2.012,0,Peer
1634,15-Dec,0,0,4.082,1,Peer
1648,15-Dec,0,0,1.807,0,OlderHusband
1657,15-Dec,0,0,4.739,1,OlderHusband
1661,>15,0,0,5.09,0,Peer
1668,<12,0,0,6.754,1,Peer
1670,<12,0,0,32.769,0,Peer
1685,15-Dec,0,0,25.774,0,Peer
1690,15-Dec,0,0,5.966,0,Peer
1693,>15,0,0,7.966,1,OlderHusband
1695,<12,0,0,52.611,0,OlderHusband
1697,>15,0,0,54.166,0,Peer
1701,15-Dec,0,0,22.765,0,Peer
1704,<12,0,0,5.0025,1,Peer
1707,15-Dec,0,0,29.229,0,Peer
1709,<12,0,0,49.125,0,Peer
1713,15-Dec,0,0,39.488,0,Peer
1715,<12,0,0,45.087,0,Peer
1717,15-Dec,0,0,4.6925,1,Peer
1720,>15,0,0,9.999,1,OlderHusband
1724,<12,0,0,2.3355,1,Peer
1726,15-Dec,0,0,11.88,0,Peer
1736,15-Dec,0,0,8.654,0,Peer
1745,<12,0,0,2.042,0,Peer
1749,15-Dec,0,0,20.066,0,Peer
1754,15-Dec,0,0,10.36,0,OlderHusband
1758,>15,0,0,24.8325,1,Peer
1760,15-Dec,0,0,27.47,1,Peer
1769,15-Dec,0,0,14.743,0,Peer
1778,15-Dec,0,0,7.198,0,OlderHusband
1781,<12,0,0,12.999,0,OlderHusband
1783,<12,0,0,45.235,0,Peer
1787,>15,0,0,13.58,1,OlderHusband
1789,15-Dec,0,0,21.706,0,OlderHusband
1791,<12,0,0,37.582,0,Peer
1795,15-Dec,0,0,4.9145,1,OlderHusband
1798,15-Dec,0,0,14.196,0,Peer
1805,15-Dec,0,0,2.6095,1,Peer
1813,15-Dec,0,0,20.419,1,Peer
1814,<12,0,0,0.381,0,Peer
1817,<12,0,0,61.771,0,OlderHusband
1820,>15,0,0,42.847,0,OlderHusband
1826,15-Dec,0,0,23.565,0,Peer
1835,15-Dec,0,0,42.01,0,Peer
1837,<12,0,0,46.138,0,Peer
1841,15-Dec,0,0,21.44,0,Peer
1843,15-Dec,0,0,17.002,1,Peer
1846,<12,0,0,53.405,0,Peer
1852,15-Dec,0,0,9.166,1,Peer
1853,15-Dec,0,0,10.831,0,Peer
1861,>15,0,0,5.038,0,Peer
1867,<12,0,0,10.182,0,Peer
1868,<12,0,0,23.348,0,Peer
1870,15-Dec,0,0,10.1655,1,Peer
1872,<12,0,0,35.001,0,Peer
1877,15-Dec,0,0,0.561,0,OlderHusband
1879,15-Dec,0,0,43.08,0,OlderHusband
1881,15-Dec,0,0,12.241,0,OlderHusband
1883,>15,0,0,3.874,0,OlderHusband
1887,<12,0,0,6.023,0,Peer
1890,15-Dec,0,0,0.912,1,Peer
1895,15-Dec,0,0,0.767,0,Peer
1902,15-Dec,0,0,8.75,1,OlderHusband
1921,<12,0,0,4.331,0,Peer
1924,<12,0,0,13.999,0,OlderHusband
1934,15-Dec,0,0,15.559,0,Peer
1943,15-Dec,0,0,17.331,0,Peer
1945,15-Dec,0,0,15.559,0,Peer
1948,15-Dec,0,0,6.5815,1,Peer
1955,<12,0,0,6.086,1,Peer
1964,<12,0,0,4.419,1,Peer
1969,15-Dec,0,0,5.914,1,OlderHusband
1976,<12,0,0,36.356,0,OlderHusband
1981,15-Dec,0,0,0.608,1,Peer
1985,<12,0,0,24.999,0,Peer
1987,<12,0,0,6.2505,1,Peer
1994,15-Dec,0,0,16.726,0,OlderWife
1996,15-Dec,0,0,11.833,0,OlderHusband
1999,15-Dec,0,0,29.823,0,Peer
2001,15-Dec,0,0,5.9195,1,Peer
2005,<12,0,1,9.662,0,Peer
2031,15-Dec,0,0,40.597,0,Peer
2034,15-Dec,0,0,40.597,0,Peer
2036,15-Dec,0,0,0.9745,1,Peer
2042,<12,0,0,7.313,1,Peer
2049,<12,0,0,3.526,0,Peer
2051,<12,0,0,29.999,0,Peer
2064,>15,0,0,11.584,0,OlderWife
2067,<12,0,0,18.998,0,Peer
2069,<12,0,0,31.017,0,Peer
2073,<12,0,0,24.4035,1,Peer
2075,<12,0,0,55.915,0,Peer
2078,<12,0,0,55.915,0,Peer
2081,>15,0,0,7.406,1,Peer
2083,15-Dec,0,0,1.9985,1,Peer
2085,15-Dec,0,0,18.374,0,Peer
2091,15-Dec,0,0,28.501,0,Peer
2093,>15,0,0,21.829,0,Peer
2095,>15,0,0,24,0,OlderHusband
2098,>15,0,0,24,0,OlderHusband
2101,15-Dec,0,0,38.215,0,OlderHusband
2107,<12,0,0,18.3765,1,Peer
2117,<12,0,0,19.347,1,Peer
2119,15-Dec,0,0,21.591,1,Peer
2122,>15,0,0,21.591,1,Peer
2126,15-Dec,0,0,32.033,0,Peer
2128,>15,0,0,27.42,0,OlderHusband
2132,>15,0,0,46.36,0,Peer
2136,15-Dec,0,0,3.918,1,OlderHusband
2139,15-Dec,0,0,5.251,1,Peer
2141,15-Dec,0,0,1.793,0,Peer
2148,15-Dec,0,0,24.025,0,Peer
2149,15-Dec,0,0,24.025,0,Peer
2151,>15,0,0,25.555,0,Peer
2154,>15,0,0,21.591,0,Peer
2157,15-Dec,0,0,23.639,0,Peer
2163,>15,0,0,32.394,0,OlderHusband
2167,>15,0,0,1.114,0,OlderHusband
2175,15-Dec,0,0,34.001,0,Peer
2177,<12,1,0,30.094,0,Peer
2179,<12,1,0,45.944,0,Peer
2181,<12,0,0,24.794,1,Peer
2183,15-Dec,0,0,39.959,0,Peer
2186,15-Dec,0,0,38.702,0,Peer
2190,<12,0,0,5.812,0,OlderWife
2192,<12,0,0,5.3335,1,Peer
2195,>15,0,0,57.919,0,Peer
2198,15-Dec,0,0,3.003,0,Peer
2200,<12,1,0,15.5465,1,Peer
2203,<12,1,0,11.671,0,OlderHusband
2208,15-Dec,0,0,13.498,0,Peer
2211,<12,0,0,6.483,1,Peer
2215,<12,0,0,0.991,0,Peer
2223,>15,0,0,13.807,0,Peer
2225,<12,0,0,18.01,0,Peer
2227,<12,0,1,15.707,0,Peer
2235,15-Dec,0,0,28.252,0,Peer
2239,<12,0,0,1.714,0,OlderWife
2246,15-Dec,0,0,1.328,1,Peer
2256,15-Dec,0,0,10.2505,1,Peer
2259,15-Dec,0,0,18.122,1,Peer
2260,<12,0,0,3.548,0,Peer
2262,15-Dec,0,0,12.723,0,Peer
2266,<12,0,0,13.1005,1,Peer
2271,15-Dec,0,0,3.548,0,Peer
2274,>15,0,0,31.5945,1,Peer
2279,<12,0,0,8.063,0,Peer
2295,15-Dec,0,0,25.7495,1,Peer
2298,>15,0,0,30.251,0,OlderHusband
2317,<12,0,0,44.131,0,Peer
2321,<12,0,0,6.869,1,Peer
2322,15-Dec,0,0,7.2715,1,Peer
2324,<12,1,0,22.7995,1,Peer
2328,15-Dec,1,0,8.9145,1,OlderHusband
2348,15-Dec,1,0,23.488,0,Peer
2350,<12,0,0,30.166,0,Peer
2352,15-Dec,0,0,11.001,1,OlderHusband
2358,15-Dec,0,0,31.0005,1,OlderHusband
2361,>15,0,0,14.842,0,Peer
2367,>15,0,0,8.11,0,OlderHusband
2370,<12,1,0,50.919,0,Peer
2375,>15,1,0,9.719,0,OlderHusband
2377,<12,1,0,22.4995,1,Peer
2379,<12,0,0,23.7505,1,Peer
2382,<12,0,0,38.33,0,Peer
2384,<12,0,0,31.373,0,Peer
2389,15-Dec,0,0,6.048,0,Peer
2398,>15,0,0,3.0005,1,Peer
2401,>15,0,0,4.9885,1,Peer
2405,>15,0,0,1.93,1,Peer
2407,15-Dec,0,0,20.167,1,Peer
2410,15-Dec,0,0,20.3315,1,Peer
2415,<12,0,0,5.993,0,OlderWife
2428,15-Dec,0,0,2.0805,1,Peer
2432,15-Dec,0,0,15.116,0,Peer
2434,>15,0,0,20.381,0,Peer
2437,15-Dec,0,0,21.832,0,Peer
2439,15-Dec,0,0,46.806,0,OlderHusband
2440,>15,0,0,8.843,0,Peer
2446,15-Dec,0,0,11.444,0,OlderHusband
2453,15-Dec,0,0,6.738,1,Peer
2455,>15,0,0,3.838,0,Peer
2458,15-Dec,0,0,30.185,0,OlderHusband
2462,<12,0,0,3.42,1,OlderWife
2473,<12,0,0,23.422,0,Peer
2482,15-Dec,0,0,36.474,0,OlderHusband
2485,15-Dec,0,0,36.474,0,OlderHusband
2487,15-Dec,0,0,42.924,0,Peer
2490,15-Dec,0,0,42.924,0,Peer
2502,15-Dec,0,0,30.913,0,OlderWife
2504,>15,0,0,32.986,0,Peer
2508,>15,0,0,5.752,0,Peer
2515,<12,0,0,0.548,0,Peer
2518,>15,0,0,22.664,0,Peer
2520,15-Dec,0,0,38.595,0,Peer
2523,15-Dec,0,0,38.587,0,Peer
2528,15-Dec,0,0,18.404,0,Peer
2546,15-Dec,0,0,16.504,0,Peer
2548,15-Dec,0,0,42.834,0,OlderHusband
2556,<12,0,0,4.838,0,Peer
2558,15-Dec,0,0,11.332,1,Peer
2563,>15,0,0,4.838,0,Peer
2566,>15,0,0,45.626,0,Peer
2568,>15,0,0,32.83,0,OlderHusband
2572,15-Dec,0,0,12.172,0,Peer
2578,15-Dec,0,0,13.194,0,OlderHusband
2581,15-Dec,0,0,12.172,0,Peer
2587,15-Dec,0,0,11.047,0,Peer
2589,<12,0,0,46.333,0,Peer
2592,<12,0,0,45.749,0,Peer
2594,15-Dec,0,0,35.584,0,Peer
2597,15-Dec,0,0,28.999,0,Peer
2598,15-Dec,0,0,23.702,0,OlderHusband
2602,<12,1,0,50.084,0,Peer
2604,<12,1,0,6.001,0,Peer
2610,15-Dec,1,0,4,0,Peer
2612,15-Dec,0,0,15.7385,1,Peer
2616,15-Dec,0,0,5.266,1,Peer
2619,<12,0,0,49.588,0,Peer
2621,15-Dec,0,0,12.419,1,OlderHusband
2624,>15,0,0,3.001,1,Peer
2628,>15,0,0,22.667,0,OlderHusband
2630,>15,0,0,25.027,0,Peer
2632,15-Dec,0,0,24.003,0,Peer
2634,15-Dec,0,0,39.023,0,Peer
2636,15-Dec,0,0,29.218,0,OlderHusband
2638,15-Dec,0,0,14.638,1,OlderHusband
2647,<12,0,0,7.551,0,OlderHusband
2656,15-Dec,0,0,10.9155,1,Peer
2660,15-Dec,0,0,15.422,0,Peer
2662,15-Dec,0,0,9.139,0,Peer
2664,>15,0,0,43.929,0,OlderHusband
2668,15-Dec,0,0,6.505,1,Peer
2671,15-Dec,0,0,30.546,0,Peer
2674,>15,0,0,58.916,0,Peer
2676,<12,0,0,5.667,1,Peer
2679,<12,0,0,22.935,0,Peer
2682,<12,0,0,12.999,1,Peer
2684,15-Dec,1,0,21.999,0,Peer
2688,<12,0,0,45.437,0,Peer
2690,<12,0,0,14.998,0,OlderHusband
2698,<12,0,0,62.861,0,Peer
2700,<12,0,0,32.079,0,Peer
2701,15-Dec,0,0,9.914,0,Peer
2702,>15,0,0,6.152,0,Peer
2703,15-Dec,0,0,7.42,1,Peer
2705,<12,0,0,35.937,0,OlderHusband
2708,<12,0,0,38.001,0,OlderHusband
2712,<12,0,0,32.186,0,OlderHusband
2714,15-Dec,0,0,19.997,0,Peer
2716,15-Dec,1,0,5.013,1,Peer
2719,15-Dec,0,0,39.001,0,OlderWife
2727,<12,0,0,5.86,0,Peer
2729,15-Dec,0,0,29.35,0,OlderHusband
2737,<12,0,0,27.997,0,Peer
2739,15-Dec,0,0,2.001,0,Peer
2742,<12,0,0,30.749,0,OlderHusband
2747,15-Dec,0,0,5.503,1,OlderHusband
2752,<12,0,0,8.246,1,Peer
2754,>15,0,0,33.919,0,OlderHusband
2757,<12,0,0,54.749,0,Peer
2760,15-Dec,0,0,11.5425,1,Peer
2762,<12,0,0,3.817,0,Peer
2764,<12,0,0,28.8025,1,Peer
2767,>15,1,0,20.756,0,Peer
2772,>15,0,0,27.937,0,Peer
2775,15-Dec,0,0,20.55,0,OlderHusband
2779,15-Dec,0,0,8.8435,1,Peer
2785,15-Dec,0,0,3.4195,1,OlderHusband
2787,15-Dec,0,0,2.1685,1,Peer
2795,<12,0,0,3.639,0,Peer
2801,15-Dec,0,0,8.523,0,Peer
2804,>15,0,0,31.477,1,OlderWife
2811,15-Dec,0,0,19.833,1,Peer
2817,15-Dec,0,0,1.8315,1,Peer
2827,15-Dec,0,0,5.166,1,Peer
2829,<12,0,0,1.199,1,Peer
2834,<12,0,0,1.336,1,Peer
2838,<12,0,0,22.322,0,Peer
2842,15-Dec,0,0,42.604,0,Peer
2849,<12,0,0,31.138,0,Peer
2854,<12,0,0,7.496,0,Peer
2858,<12,0,0,54.338,0,Peer
2861,<12,0,0,54.001,0,Peer
2863,>15,0,0,13.585,0,Peer
2873,<12,0,0,37.823,0,Peer
2877,15-Dec,1,0,24.994,0,Peer
2879,15-Dec,0,0,39.05,0,OlderHusband
2880,15-Dec,0,0,1.999,0,OlderHusband
2882,15-Dec,0,0,1.002,0,Peer
2893,<12,0,0,14.771,0,Peer
2903,<12,0,0,1.673,1,Peer
2904,>15,0,0,13.916,0,Peer
2907,>15,0,0,8.991,0,Peer
2910,<12,0,0,10.245,1,Peer
2913,<12,0,0,15.915,1,Peer
2915,<12,0,0,41.999,0,Peer
2918,<12,0,0,41.999,0,Peer
2927,15-Dec,0,0,40.903,0,OlderHusband
2937,15-Dec,0,0,5.818,0,OlderHusband
2938,15-Dec,0,0,5.999,0,OlderHusband
2941,15-Dec,0,0,10.664,1,Peer
2943,15-Dec,0,0,11.502,1,Peer
2944,>15,0,0,41.173,0,Peer
2947,15-Dec,0,0,17.889,0,OlderHusband
2950,15-Dec,0,0,25.221,0,Peer
2953,15-Dec,0,0,22.782,0,OlderHusband
2955,15-Dec,0,0,40.107,0,Peer
2959,>15,0,0,11.693,0,Peer
2964,>15,0,0,4.323,0,Peer
2966,>15,0,0,3.995,0,Peer
2967,>15,0,0,6.062,0,OlderHusband
2968,>15,0,0,10.116,0,Peer
2970,>15,0,0,1.588,1,Peer
2976,>15,0,0,7.064,0,Peer
2979,15-Dec,0,0,23.496,0,Peer
2983,15-Dec,0,0,20.523,1,Peer
2985,<12,0,0,44.58,0,Peer
2987,<12,0,0,31.42,0,OlderHusband
2990,<12,0,0,31.42,0,OlderHusband
2996,15-Dec,0,0,7.0445,1,OlderHusband
2998,<12,0,0,31.441,0,OlderHusband
2999,15-Dec,0,0,6.111,0,OlderHusband
3002,15-Dec,0,0,24.646,0,Peer
3005,<12,0,0,27.918,1,OlderHusband
3009,15-Dec,0,0,12.178,1,Peer
3018,15-Dec,0,0,2.897,0,OlderHusband
3019,<12,0,0,1.084,1,Peer
3026,15-Dec,0,0,2.5875,1,OlderHusband
3038,>15,0,0,9.922,0,Peer
3040,15-Dec,0,0,18.998,0,Peer
3044,15-Dec,0,0,17.706,0,OlderHusband
3052,15-Dec,0,0,2.867,0,Peer
3059,<12,1,0,41.848,0,Peer
3062,<12,1,0,41.848,0,Peer
3067,<12,1,0,6.834,1,OlderHusband
3074,<12,1,0,7.504,0,Peer
3082,15-Dec,0,0,19.759,1,Peer
3084,15-Dec,0,0,6.694,0,Peer
3085,<12,0,0,3.636,0,Peer
3089,<12,0,0,50.007,0,Peer
3091,<12,0,0,44.235,0,OlderHusband
3093,<12,0,0,29.246,0,Peer
3102,<12,0,0,8.572,0,Peer
3103,15-Dec,0,0,7.51,0,Peer
3106,<12,0,0,52.578,0,OlderHusband
3110,<12,0,0,23.411,0,Peer
3112,15-Dec,0,0,4.706,0,Peer
3114,15-Dec,0,0,16.016,0,OlderHusband
3119,15-Dec,0,0,14.842,0,Peer
3123,>15,0,0,18.349,0,Peer
3131,>15,0,0,18.349,0,Peer
3134,15-Dec,0,0,30.998,0,Peer
3136,<12,0,0,2.428,0,Peer
3144,15-Dec,0,0,8.085,1,Peer
3151,<12,0,0,5.708,0,Peer
3154,>15,0,0,9.752,0,OlderHusband
3158,15-Dec,0,0,19.414,1,Peer
3164,15-Dec,0,0,7.504,0,OlderHusband
3165,15-Dec,0,0,21.741,0,Peer
3167,15-Dec,0,0,45.867,0,Peer
3173,15-Dec,0,0,15.784,0,Peer
3180,15-Dec,0,0,18.664,0,Peer
3181,<12,0,0,1.697,0,Peer
3184,>15,0,0,21.903,0,Peer
3187,<12,0,0,20.9175,1,OlderHusband
3192,15-Dec,0,0,14.051,0,Peer
3202,15-Dec,0,0,1.254,1,Peer
3206,<12,1,0,22.376,0,OlderHusband
3224,>15,0,0,12.939,0,OlderHusband
3227,<12,0,0,3.001,0,Peer
3237,<12,0,0,14.163,1,Peer
3243,>15,0,0,22.919,0,Peer
3245,15-Dec,0,0,14.749,1,Peer
3249,>15,0,0,11.047,0,Peer
3254,15-Dec,0,0,2.634,0,OlderHusband
3258,>15,0,0,7.466,0,Peer
3261,<12,0,0,6.6815,1,Peer
3266,15-Dec,0,0,24.723,0,Peer
3272,15-Dec,0,0,12.9915,1,Peer
3280,15-Dec,0,0,9.517,0,OlderWife
3289,15-Dec,0,0,24.723,0,Peer
3291,>15,0,0,22.686,0,OlderHusband
3296,<12,0,0,49.999,0,Peer
3298,<12,0,0,50.864,0,OlderHusband
3301,15-Dec,0,0,37.517,0,OlderHusband
3304,15-Dec,0,0,12.183,0,Peer
3305,15-Dec,0,0,3.984,0,Peer
3308,15-Dec,0,0,43.874,0,OlderHusband
3311,<12,0,0,67.255,0,Peer
3316,15-Dec,0,0,15.718,0,OlderHusband
3322,<12,0,0,20.843,0,OlderWife
3329,15-Dec,0,0,9.873,0,Peer
3335,15-Dec,0,0,33.415,0,Peer
3338,15-Dec,0,0,19.997,0,Peer
3342,<12,0,0,28.999,0,Peer
3345,<12,0,0,41.251,0,Peer
3347,15-Dec,0,0,38.943,0,Peer
3363,<12,0,0,0.079,0,OlderHusband
3370,<12,1,0,31.179,0,Peer
3386,15-Dec,0,0,45.547,0,OlderWife
3387,15-Dec,0,0,33.5795,1,Peer
3391,15-Dec,0,0,17.016,0,Peer
3397,15-Dec,0,0,8.227,0,Peer
3398,>15,0,0,17.016,0,Peer
3400,>15,0,0,11.9505,1,Peer
3402,15-Dec,0,0,55.669,0,Peer
3430,<12,0,0,40.452,0,Peer
3435,15-Dec,0,0,12.668,1,Peer
3437,<12,0,0,2.075,0,Peer
3441,15-Dec,0,0,6.9265,1,Peer
3447,15-Dec,0,0,16.293,1,OlderHusband
3450,<12,0,0,33.665,0,Peer
3453,15-Dec,0,0,37.895,0,Peer
3455,>15,0,0,18.943,0,Peer
3464,<12,0,0,30.998,0,Peer
3467,<12,0,0,30.998,0,Peer
3470,>15,0,0,6.4835,1,Peer
3471,>15,0,0,7.244,0,OlderHusband
3473,<12,0,0,31.061,0,Peer
3476,<12,0,0,32.832,0,OlderHusband
3480,15-Dec,0,0,11.168,1,OlderHusband
3482,<12,0,0,5.665,0,Peer
3485,<12,0,0,59.384,0,Peer
3487,15-Dec,0,0,24.726,0,Peer
3490,15-Dec,0,0,24.726,0,Peer
3492,<12,0,0,15.039,1,Peer
3493,15-Dec,0,0,16.7475,1,Peer
3495,15-Dec,0,0,3.4605,1,Peer
3508,15-Dec,0,0,2.505,0,Peer
3509,>15,0,0,24.876,0,Peer
3511,15-Dec,1,0,5.796,0,Peer
3517,15-Dec,0,0,6.672,0,OlderWife
3522,>15,0,0,7.647,0,OlderWife
3525,>15,1,0,28.999,0,OlderHusband
3527,15-Dec,0,0,40.868,0,OlderHusband
3530,15-Dec,0,0,39.918,0,OlderHusband
3536,>15,0,0,18.902,0,Peer
3540,15-Dec,0,0,7.915,1,Peer
3548,<12,0,0,7.452,0,Peer
3551,>15,0,0,28.78,0,Peer
3556,>15,0,0,3.581,1,Peer
3558,>15,0,0,9.029,0,OlderHusband
3562,>15,0,0,20.022,0,Peer
3567,>15,0,0,12.142,0,Peer
3570,>15,0,0,29.914,0,Peer
3573,<12,0,0,48.862,0,Peer
3577,15-Dec,0,0,22.376,0,OlderHusband
3580,<12,0,0,44.824,0,Peer
3583,<12,0,0,46.086,0,OlderHusband
3586,<12,0,0,37.752,0,OlderHusband
3589,>15,0,0,15.765,0,OlderHusband
3592,<12,0,0,8.835,1,OlderHusband
3594,>15,0,0,34.3685,1,Peer
3597,<12,0,0,5.9605,1,Peer
3602,>15,0,0,23.496,0,OlderHusband
3604,<12,1,0,48.32,0,Peer
3609,>15,0,0,19.833,0,Peer
3616,15-Dec,0,0,3.833,1,Peer
3621,15-Dec,0,0,3.732,0,Peer
3623,<12,0,0,15.012,0,Peer
3624,<12,0,0,13.834,1,Peer
3627,<12,1,0,44.339,0,Peer
3638,15-Dec,0,0,7.3755,1,OlderHusband
3646,<12,0,0,73.068,0,Peer
3648,<12,1,0,28.1245,1,Peer
3650,<12,0,0,28.0875,1,Peer
3653,<12,0,0,41.689,0,Peer
3655,<12,0,0,2.001,0,Peer
3658,<12,0,0,2.001,0,Peer
3662,<12,0,0,6.267,0,Peer
3668,<12,0,0,5.1965,1,Peer
3683,15-Dec,0,0,19.997,0,Peer
3685,>15,0,0,42.461,0,Peer
3688,15-Dec,0,0,46.04,0,Peer
3694,<12,0,0,2.04,0,Peer
3700,15-Dec,0,0,14.3735,1,Peer
3703,<12,0,0,51.852,0,OlderHusband
3714,15-Dec,0,0,8.652,1,Peer
3716,<12,0,0,30.7255,1,Peer
3719,15-Dec,0,0,35.619,0,Peer
3725,15-Dec,0,0,23.754,0,Peer
3728,>15,0,0,28,0,OlderHusband
3730,15-Dec,0,0,1.9135,1,Peer
3734,<12,0,0,1.4345,1,Peer
3736,<12,0,0,46.004,0,Peer
3741,15-Dec,0,0,10.579,1,Peer
3744,<12,0,0,9.1635,1,Peer
3747,<12,0,0,47.833,0,Peer
3751,<12,0,0,12,0,Peer
3754,15-Dec,0,0,9.665,1,Peer
3757,<12,0,0,38.103,0,Peer
3760,<12,0,0,12,0,OlderWife
3763,15-Dec,0,0,37.418,0,OlderHusband
3767,>15,0,0,23.951,0,Peer
3768,>15,0,0,23.951,0,Peer
3771,<12,0,0,36,0,Peer
3774,15-Dec,0,0,44.999,0,Peer
3776,15-Dec,0,0,33.793,0,OlderHusband
3778,15-Dec,0,0,1.722,1,Peer
3784,<12,0,0,2.9075,1,OlderHusband
3790,<12,0,0,15.001,0,Peer
3792,15-Dec,0,0,4.082,1,Peer
3794,15-Dec,0,0,50.379,1,Peer
3796,<12,0,0,20.7475,1,OlderHusband
3798,15-Dec,0,0,25.405,0,Peer
3802,<12,0,0,1.7465,1,Peer
3803,15-Dec,0,0,25.405,0,Peer
3805,15-Dec,0,0,47.08,0,OlderHusband
3808,15-Dec,0,0,45.626,0,OlderHusband
3816,<12,0,0,8.14,0,Peer
3827,15-Dec,0,0,9.818,0,Peer
3831,>15,0,0,23.655,1,Peer
3834,15-Dec,0,0,4.208,1,OlderHusband
3836,<12,0,0,13.8345,1,OlderHusband
3844,15-Dec,0,0,4.586,1,Peer
3850,<12,0,0,6.675,1,Peer
3853,15-Dec,1,0,40.95,0,Peer
3857,15-Dec,1,0,1.492,0,Peer
3870,<12,1,0,17.999,0,Peer
3872,<12,1,0,14.998,0,OlderHusband
3877,15-Dec,1,0,5.799,0,OlderHusband
3893,<12,0,0,11.5425,1,Peer
3895,<12,0,0,32.747,0,Peer
3898,<12,0,0,51.291,0,Peer
3905,<12,0,0,10.305,1,Peer
3910,<12,1,0,6.136,0,Peer
3913,15-Dec,1,0,5.577,0,OlderWife
3915,15-Dec,0,0,19.9125,1,OlderHusband
3918,>15,0,0,41.503,0,OlderHusband
3923,>15,0,0,7.069,0,Peer
3924,>15,0,0,7.069,0,Peer
3926,<12,0,0,31.666,1,Peer
3927,15-Dec,0,0,7.767,0,Peer
3930,<12,0,0,44.873,0,Peer
3932,>15,0,0,1.498,1,OlderHusband
3941,15-Dec,0,0,26.527,0,Peer
3948,>15,0,0,21.919,1,OlderHusband
3965,15-Dec,0,0,1.843,0,OlderHusband
3979,15-Dec,0,1,0.75,1,Peer
3981,>15,0,0,47.543,0,Peer
3986,<12,0,0,16.999,0,Peer
3988,15-Dec,0,0,47.943,0,Peer
3990,15-Dec,0,0,14.998,0,Peer
3994,15-Dec,0,0,4.145,1,Peer
3995,15-Dec,0,0,10.793,0,Peer
3998,15-Dec,0,0,26.497,0,OlderHusband
3999,15-Dec,0,0,13.744,0,Peer
4001,<12,0,0,43.001,0,OlderHusband
4004,<12,0,0,43.001,0,OlderHusband
4006,15-Dec,0,0,49.248,0,OlderHusband
4012,15-Dec,0,0,3.255,0,OlderHusband
4015,15-Dec,0,0,24.999,0,Peer
4017,<12,0,0,43.997,0,OlderHusband
4021,15-Dec,0,0,8.041,1,Peer
4028,15-Dec,0,0,11.926,0,Peer
4030,>15,0,0,17.591,0,OlderWife
4037,15-Dec,0,0,18.42,1,Peer
4042,15-Dec,0,0,12.085,1,Peer
4045,15-Dec,0,0,9.7745,1,Peer
4053,<12,0,0,16.252,0,OlderHusband
4055,15-Dec,0,0,31.34,0,Peer
4058,15-Dec,0,0,31.34,0,Peer
4060,<12,0,0,44.027,0,Peer
4063,15-Dec,0,0,43.581,0,OlderHusband
4064,15-Dec,0,0,7.83,0,Peer
4072,15-Dec,0,0,10.872,1,Peer
4074,15-Dec,0,0,10.0725,1,Peer
4076,15-Dec,0,0,26.42,0,OlderHusband
4086,>15,0,0,44.435,0,OlderHusband
4097,15-Dec,1,0,21.038,0,Peer
4102,>15,0,0,14.935,0,Peer
4107,15-Dec,0,0,6.001,0,Peer
4109,15-Dec,0,0,29.982,0,Peer
4111,>15,0,0,34.79,0,Peer
4114,>15,0,0,34.79,0,Peer
4119,<12,0,0,5.032,0,Peer
4122,<12,0,0,46.762,0,Peer
4124,15-Dec,0,0,1.624,0,OlderHusband
4126,>15,0,0,26.42,0,Peer
4129,>15,0,0,32.545,0,Peer
4130,>15,0,0,19.926,0,Peer
4132,>15,0,0,53.749,0,Peer
4136,15-Dec,0,0,2.998,1,Peer
4138,>15,0,0,18.157,0,Peer
4141,<12,0,0,53.391,0,Peer
4143,15-Dec,0,0,26.667,0,OlderHusband
4145,15-Dec,0,0,20,1,Peer
4147,<12,0,0,54.226,0,OlderHusband
4149,<12,0,0,19.94,0,OlderHusband
4152,>15,0,0,4.58,1,Peer
4156,15-Dec,0,0,15.162,0,OlderHusband
4162,15-Dec,0,0,27.997,0,Peer
4165,<12,0,0,18.338,1,Peer
4171,15-Dec,0,0,20.611,0,OlderHusband
4175,>15,0,0,10.752,0,Peer
4187,>15,0,0,39.422,0,Peer
4191,>15,0,0,12.649,0,Peer
4199,15-Dec,0,0,5.569,0,Peer
4207,15-Dec,0,0,5.498,1,Peer
4209,>15,0,0,46.653,0,OlderHusband
4211,<12,0,0,48.895,0,OlderWife
4216,15-Dec,0,0,6.278,0,Peer
4219,15-Dec,0,0,6.278,0,Peer
4222,<12,0,0,6.114,0,Peer
4225,15-Dec,0,0,62.752,0,Peer
4227,15-Dec,0,0,32.422,0,Peer
4229,15-Dec,0,0,48.463,0,OlderHusband
4232,<12,0,0,32.167,0,OlderHusband
4235,<12,1,1,22.497,1,Peer
4265,15-Dec,0,0,13.996,0,OlderHusband
4268,15-Dec,1,0,7.001,0,Peer
4270,15-Dec,0,0,35.253,0,Peer
4274,<12,1,0,6.653,0,Peer
4276,<12,1,0,6.653,0,Peer
4278,<12,0,0,12,0,Peer
4280,<12,0,1,16.7285,1,Peer
4293,15-Dec,0,0,9.829,0,Peer
4295,<12,0,0,43.001,0,Peer
4298,<12,0,0,43.001,0,Peer
4302,<12,0,0,54.067,0,Peer
4305,<12,0,0,54.831,0,Peer
4307,<12,0,0,42.004,0,Peer
4316,>15,0,0,9.372,0,Peer
4318,<12,0,0,32.003,0,Peer
4320,<12,0,0,38.001,0,Peer
4321,15-Dec,0,0,5.038,0,OlderHusband
4323,>15,0,0,3.525,1,Peer
4325,15-Dec,0,0,20.463,1,Peer
4328,15-Dec,0,0,25.892,0,Peer
4335,15-Dec,0,0,49.629,0,OlderHusband
4338,<12,0,0,42.604,0,OlderHusband
4340,15-Dec,0,0,33.309,0,Peer
4341,15-Dec,0,0,9.796,0,Peer
4342,15-Dec,0,0,21.131,0,Peer
4348,<12,0,0,19.499,1,Peer
4350,>15,0,0,22.001,0,Peer
4353,<12,0,0,4.003,0,OlderHusband
4355,<12,0,0,1.166,1,Peer
4356,15-Dec,0,0,36.082,0,Peer
4358,>15,0,0,8.753,0,Peer
4360,15-Dec,0,0,6.634,1,Peer
4365,15-Dec,0,0,13.2485,1,Peer
4367,>15,0,0,31.748,0,Peer
4368,15-Dec,0,0,3.551,0,OlderHusband
4371,15-Dec,0,0,34.352,0,OlderHusband
4373,15-Dec,0,0,52.498,0,Peer
4377,15-Dec,0,0,7.518,0,Peer
4380,15-Dec,0,0,36,0,OlderHusband
4387,>15,0,0,7.001,0,Peer
4390,>15,0,0,7.001,0,Peer
4392,15-Dec,0,0,39.329,0,OlderHusband
4394,>15,0,0,1.823,0,OlderHusband
4397,15-Dec,0,0,30.415,0,OlderHusband
4401,<12,0,0,4.594,0,OlderHusband
4404,15-Dec,0,0,4.594,0,OlderHusband
4410,15-Dec,0,0,22.305,0,Peer
4415,>15,0,0,20.334,1,Peer
4419,15-Dec,0,0,20.334,1,Peer
4422,15-Dec,0,0,37.793,0,Peer
4429,<12,0,0,25.8315,1,OlderHusband
4432,15-Dec,0,0,22.5,1,Peer
4435,>15,0,0,42.623,0,Peer
4439,>15,0,0,32.813,0,Peer
4442,>15,0,0,8.819,0,OlderHusband
4444,>15,0,0,46.456,0,Peer
4451,>15,0,0,2.267,0,Peer
4461,>15,0,0,1.336,1,Peer
4463,15-Dec,1,0,62.338,0,Peer
4469,<12,1,0,36.75,0,Peer
4472,<12,1,0,36.75,0,Peer
4474,<12,0,0,19.9535,1,Peer
4476,15-Dec,0,0,24.431,1,Peer
4479,<12,0,0,51.874,0,OlderWife
4481,15-Dec,0,0,10.919,0,OlderWife
4483,>15,0,0,34.338,0,Peer
4484,15-Dec,0,0,20.999,1,Peer
4492,15-Dec,0,0,9.914,1,Peer
4493,<12,0,0,15.302,0,OlderHusband
4502,15-Dec,0,0,62.084,0,OlderHusband
4504,15-Dec,0,0,9.084,1,Peer
4507,15-Dec,0,0,24.58,0,Peer
4511,<12,0,0,11.324,0,Peer
4516,15-Dec,0,0,6.497,1,Peer
4518,15-Dec,0,0,6.497,1,Peer
4520,<12,0,0,32.337,0,Peer
4524,15-Dec,0,0,25.47,0,Peer
4526,15-Dec,0,0,29.771,0,OlderHusband
4531,15-Dec,0,0,17.292,0,OlderHusband
4538,15-Dec,0,0,20.03,1,Peer
4541,15-Dec,0,0,2.861,0,Peer
4545,<12,0,0,5.5165,1,OlderHusband
4553,<12,0,0,4.6135,1,Peer
4554,15-Dec,0,0,10.166,1,OlderHusband
4582,15-Dec,0,0,12.753,0,Peer
4584,<12,0,0,47.009,0,Peer
4595,<12,0,0,18.864,0,OlderHusband
4598,<12,0,0,38.732,0,Peer
4604,15-Dec,0,0,56.041,0,OlderHusband
4606,<12,0,0,41.388,0,OlderHusband
4608,15-Dec,0,0,23.732,1,OlderHusband
4611,15-Dec,0,0,8.9145,1,Peer
4618,>15,0,0,21.339,0,Peer
4621,<12,0,0,27.817,0,OlderHusband
4622,15-Dec,0,0,7.0825,1,Peer
4624,<12,0,0,24.016,0,Peer
4626,15-Dec,0,0,41.128,0,Peer
4629,15-Dec,0,0,24.999,0,Peer
4631,15-Dec,0,0,17.6005,1,Peer
4653,15-Dec,0,1,6.3325,1,Peer
4655,<12,0,0,35.803,0,OlderHusband
4661,<12,0,0,1.9165,1,Peer
4662,15-Dec,0,0,9.374,0,OlderHusband
4670,15-Dec,0,0,53.155,0,Peer
4676,15-Dec,0,0,15.058,0,Peer
4678,15-Dec,0,0,15.058,0,Peer
4691,15-Dec,0,0,6.987,0,OlderHusband
4699,15-Dec,0,0,4.016,0,OlderHusband
4701,>15,0,0,41.12,0,Peer
4704,<12,0,0,49.999,0,OlderHusband
4706,<12,0,0,38.571,0,OlderHusband
4707,>15,0,0,22.401,0,Peer
4709,<12,1,1,15.0005,1,Peer
4711,>15,0,0,2.505,1,Peer
4719,>15,0,0,28.074,0,Peer
4735,15-Dec,0,0,3.017,0,Peer
4738,15-Dec,0,0,45.733,0,OlderWife
4740,<12,0,0,33.013,0,Peer
4742,15-Dec,0,0,23.578,0,OlderWife
4743,15-Dec,0,0,23.578,0,OlderWife
4745,<12,0,0,21.6785,1,OlderHusband
4749,15-Dec,0,0,13.969,0,Peer
4753,<12,0,0,10.486,1,Peer
4759,<12,0,0,5.667,1,Peer
4762,<12,0,0,9.9135,1,Peer
4766,>15,0,0,5.2485,1,Peer
4779,15-Dec,0,0,4.835,0,Peer
4783,<12,0,0,5.684,0,Peer
4785,<12,0,0,62.33,0,Peer
4788,15-Dec,0,0,43.882,0,Peer
4792,>15,0,0,4.082,1,Peer
4795,<12,0,0,50.502,0,Peer
4797,<12,1,0,50.163,0,Peer
4807,>15,0,0,16.082,1,Peer
4812,>15,0,0,9.555,0,OlderHusband
4818,>15,0,0,9.555,0,OlderHusband
4819,15-Dec,0,0,4.704,1,Peer
4822,15-Dec,0,0,43.313,0,Peer
4826,15-Dec,0,0,25.722,0,OlderWife
4830,<12,0,0,53.985,0,OlderHusband
4837,15-Dec,0,0,4.668,1,OlderHusband
4838,15-Dec,0,0,1.777,0,OlderHusband
4839,15-Dec,0,0,1.511,1,Peer
4847,15-Dec,0,0,9.0105,1,OlderHusband
4851,15-Dec,0,0,14.097,0,OlderHusband
4858,<12,0,0,19.8575,1,Peer
4863,15-Dec,0,0,7.997,0,Peer
4865,15-Dec,0,0,27.409,0,Peer
4869,15-Dec,0,0,39.362,0,OlderHusband
4873,>15,0,0,16.78,0,Peer
4879,15-Dec,0,0,12.597,0,Peer
4880,15-Dec,1,0,9.591,0,Peer
4883,15-Dec,0,0,25.013,0,Peer
4888,<12,1,0,34.1,0,OlderHusband
4897,<12,1,0,3.2085,1,Peer
4905,15-Dec,1,0,4.022,1,OlderHusband
4907,15-Dec,0,0,10.001,0,Peer
4910,<12,0,0,64.255,0,Peer
4911,15-Dec,0,0,23.619,0,Peer
4915,<12,0,0,14.746,0,Peer
4916,15-Dec,0,0,14.746,0,Peer
4918,15-Dec,1,0,20.5205,1,Peer
4922,15-Dec,1,0,0.734,0,OlderHusband
4927,15-Dec,1,0,1.169,0,OlderHusband
4934,15-Dec,1,0,3.173,0,Peer
4937,15-Dec,0,0,42.251,0,OlderHusband
4944,15-Dec,0,0,19.576,0,Peer
4946,<12,0,0,28.999,0,OlderHusband
4948,<12,0,0,27.477,0,Peer
4952,15-Dec,0,0,18.163,0,Peer
4956,15-Dec,0,0,11.455,0,Peer
4959,15-Dec,0,0,15.2885,1,Peer
4962,15-Dec,0,0,31.91,0,Peer
4967,15-Dec,0,0,1.4155,1,Peer
4969,<12,1,0,61.498,0,OlderHusband
4972,<12,1,0,61.498,0,OlderHusband
4973,15-Dec,1,0,7.6575,1,OlderWife
4974,<12,1,0,25.309,0,OlderHusband
4995,15-Dec,0,0,31.775,0,OlderWife
5001,15-Dec,0,0,7.4115,1,OlderHusband
5004,15-Dec,0,0,19.173,0,Peer
5008,<12,0,0,4.134,1,Peer
5015,15-Dec,0,0,3.253,0,Peer
5018,15-Dec,1,0,24.917,0,OlderHusband
5020,15-Dec,0,0,0.641,0,OlderHusband
5024,15-Dec,0,0,8.0435,1,Peer
5028,>15,0,0,13.437,0,Peer
5030,>15,0,0,13.437,0,Peer
5032,15-Dec,0,0,13.699,1,OlderHusband
5038,>15,0,0,20.654,0,Peer
5043,15-Dec,0,0,19.441,0,Peer
5046,<12,0,0,25.999,0,Peer
5050,<12,0,0,9.465,1,OlderHusband
5051,15-Dec,0,0,8.468,0,Peer
5053,15-Dec,0,0,27.335,0,OlderWife
5056,15-Dec,0,0,40.805,0,OlderHusband
5062,15-Dec,0,0,4.337,1,Peer
5064,15-Dec,0,0,21.665,1,Peer
5066,<12,0,0,36.945,0,Peer
5069,15-Dec,0,0,36.945,0,Peer
5071,<12,0,0,2.075,0,OlderWife
5072,15-Dec,0,0,18.795,0,Peer
5081,15-Dec,0,0,7.2495,1,Peer
5087,15-Dec,0,0,32.172,0,Peer
5090,15-Dec,0,0,24.726,0,OlderWife
5095,>15,0,0,13.974,1,Peer
5098,15-Dec,0,0,38.916,0,OlderHusband
5104,>15,0,0,15.934,0,Peer
5107,>15,0,0,15.934,0,Peer
5109,<12,0,0,11.165,0,Peer
5112,15-Dec,0,0,52,0,OlderHusband
5114,15-Dec,0,0,54.595,0,Peer
5123,15-Dec,0,0,2.166,1,Peer
5127,15-Dec,0,0,5.084,1,OlderHusband
5134,15-Dec,0,0,49.999,0,Peer
5137,<12,0,0,38.494,0,Peer
5143,15-Dec,0,0,17.67,0,Peer
5154,15-Dec,0,0,21.066,0,Peer
5157,<12,1,0,59.206,0,Peer
5159,<12,0,0,34.609,0,Peer
5161,<12,0,0,47.759,0,OlderHusband
5166,<12,0,0,6.248,1,Peer
5168,15-Dec,0,0,6.289,0,Peer
5178,15-Dec,0,0,40.695,0,Peer
5182,<12,0,0,10.9155,1,OlderHusband
5185,15-Dec,0,0,16.227,0,Peer
5189,>15,0,0,4.003,0,Peer
5191,<12,0,0,54.845,0,OlderHusband
5195,>15,0,0,1.665,1,Peer
5197,15-Dec,0,0,43.11,0,Peer
5200,15-Dec,0,0,38.212,0,OlderHusband
5206,<12,0,0,43.964,0,Peer
5208,>15,0,0,13.2485,1,Peer
5210,>15,0,0,9.128,1,Peer
5212,15-Dec,0,0,42.823,0,Peer
5218,15-Dec,0,0,20.843,0,Peer
5221,15-Dec,0,0,3.417,1,Peer
5226,15-Dec,0,0,29.0815,1,Peer
5233,>15,0,0,5.12,0,OlderWife
5237,15-Dec,0,0,14.795,0,Peer
5238,15-Dec,0,0,14.795,0,Peer
5242,15-Dec,1,1,3.1295,1,Peer
5245,>15,0,0,5.2215,1,Peer
5251,15-Dec,0,0,1.1635,1,Peer
5255,15-Dec,0,0,17.848,0,OlderHusband
5260,15-Dec,0,0,16.096,0,Peer
5262,15-Dec,0,0,3.0005,1,Peer
5266,15-Dec,0,0,16.096,0,Peer
5268,15-Dec,0,0,30.335,0,Peer
5276,<12,0,0,5.15,0,Peer
5285,15-Dec,0,0,15.751,0,Peer
5286,>15,0,0,17.511,0,Peer
5288,15-Dec,0,0,16,0,Peer
5291,15-Dec,0,0,56.903,0,OlderHusband
5293,15-Dec,0,0,30.275,0,Peer
5300,15-Dec,0,0,37.317,0,OlderHusband
5305,15-Dec,0,0,4,1,Peer
5310,15-Dec,0,0,14.771,0,Peer
5312,15-Dec,0,0,52.151,0,OlderHusband
5317,>15,0,0,7.811,0,Peer
5319,<12,0,0,5.4975,1,Peer
5322,15-Dec,0,0,18.001,0,Peer
5325,15-Dec,0,0,31.083,0,Peer
5329,<12,0,0,47.233,0,OlderHusband
5336,<12,0,0,58.001,0,Peer
5337,>15,0,0,8.509,0,OlderHusband
5340,15-Dec,0,0,44.244,0,OlderHusband
5343,<12,0,0,54.68,0,OlderHusband
5346,>15,0,0,19.915,1,OlderHusband
5349,<12,0,0,6.0015,1,Peer
5359,>15,0,0,33.662,0,OlderHusband
5380,>15,0,0,34.16,0,Peer
5387,15-Dec,0,0,6.297,0,Peer
5389,>15,0,0,15.165,1,Peer
5390,>15,0,0,25.916,0,Peer
5409,15-Dec,0,0,1.656,0,OlderHusband
5411,15-Dec,0,0,12.879,0,OlderWife
5415,15-Dec,0,0,10.546,0,Peer
5417,>15,0,0,10.913,0,Peer
5420,>15,0,0,12.501,1,Peer
5424,>15,0,0,8.9995,1,Peer
5429,15-Dec,0,0,1.8645,1,Peer
5430,>15,0,0,13.73,0,Peer
5432,>15,0,1,8.643,0,OlderWife
5435,15-Dec,0,0,23.0855,1,OlderHusband
5438,15-Dec,0,0,51.863,0,Peer
5441,15-Dec,0,0,51.863,0,Peer
5448,<12,1,0,24.999,0,OlderHusband
5450,<12,0,0,42.998,0,Peer
5454,>15,0,0,3.072,0,OlderHusband
5455,15-Dec,0,0,22.119,0,Peer
5458,15-Dec,1,0,43.625,0,Peer
5470,<12,1,0,1.733,0,Peer
5472,<12,0,1,15.354,1,Peer
5474,<12,1,0,24.0465,1,Peer
5476,<12,1,0,15.083,1,Peer
5478,15-Dec,0,0,18.064,0,Peer
5480,15-Dec,0,0,5.2125,1,Peer
5497,15-Dec,0,0,3.483,0,Peer
5505,15-Dec,0,0,52.164,0,OlderHusband
5517,<12,0,0,2.001,1,Peer
5519,15-Dec,0,0,2.637,0,Peer
5523,<12,0,0,10.809,0,Peer
5531,<12,0,0,40.416,0,OlderHusband
5536,15-Dec,0,0,20.602,0,OlderHusband
5546,<12,0,0,32.695,0,Peer
5551,15-Dec,0,0,4.775,0,Peer
5554,<12,0,0,46.538,0,OlderHusband
5556,15-Dec,0,0,21.5825,1,Peer
5558,15-Dec,0,0,14.4145,1,Peer
5567,15-Dec,0,0,6.735,0,Peer
5569,>15,0,0,1.6645,1,Peer
5571,15-Dec,0,0,4.334,1,Peer
5574,<12,0,0,3.003,0,Peer
5577,<12,0,0,14.973,0,Peer
5580,15-Dec,0,0,26.623,0,OlderHusband
5585,>15,0,0,50.568,0,Peer
5590,>15,0,0,15.406,1,Peer
5594,15-Dec,0,0,17.969,0,OlderHusband
5596,15-Dec,0,0,6.7485,1,Peer
5600,<12,0,0,2.976,0,Peer
5605,15-Dec,0,0,8.26,1,Peer
5607,15-Dec,0,0,21.999,0,Peer
5609,<12,0,0,33.109,0,Peer
5611,15-Dec,0,0,24.413,0,Peer
5625,>15,0,0,40.071,0,OlderHusband
5634,15-Dec,0,0,11.061,0,Peer
5636,15-Dec,0,0,1.955,0,OlderHusband
5643,>15,0,0,12.099,0,Peer
5648,>15,0,0,8.92,0,OlderHusband
5651,15-Dec,0,0,17.999,0,Peer
5653,15-Dec,0,0,41.588,0,OlderHusband
5656,15-Dec,0,0,42.42,0,OlderHusband
5666,>15,0,0,33.914,0,Peer
5679,15-Dec,0,1,6.653,0,Peer
5684,15-Dec,0,0,17.643,0,Peer
5687,15-Dec,0,0,17.643,0,Peer
5691,15-Dec,0,0,22.617,0,Peer
5693,<12,0,0,7.1895,1,Peer
5702,<12,0,0,19.2525,1,Peer
5704,<12,0,0,3.0005,1,Peer
5707,<12,0,1,36,1,Peer
5711,15-Dec,1,0,17.93,0,Peer
5718,15-Dec,1,0,0.679,0,OlderHusband
5723,15-Dec,0,0,2.776,1,OlderHusband
5725,<12,0,0,45.081,0,OlderHusband
5728,<12,0,0,45.081,0,OlderHusband
5732,<12,0,0,6.664,1,Peer
5735,<12,0,0,6.385,1,OlderHusband
5737,<12,1,0,24.038,0,Peer
5741,15-Dec,0,0,6.59,1,Peer
5743,>15,0,0,3.014,0,OlderHusband
5745,>15,0,0,63.376,0,Peer
5748,>15,0,0,63.335,0,Peer
5750,15-Dec,0,0,38.141,0,Peer
5752,15-Dec,0,0,10.486,0,Peer
5756,<12,0,0,15.915,1,Peer
5758,>15,0,0,62.084,0,OlderHusband
5762,>15,0,0,6.7845,1,Peer
5764,15-Dec,0,0,24.887,1,Peer
5766,<12,0,0,22.523,1,Peer
5768,<12,0,0,51.362,0,OlderHusband
5771,15-Dec,0,0,61.678,0,Peer
5773,<12,0,0,10.6285,1,Peer
5780,<12,0,0,2.7485,1,OlderHusband
5782,<12,0,0,25.955,1,OlderHusband
5784,<12,0,0,4.0245,1,Peer
5787,<12,0,0,22.418,0,Peer
5791,15-Dec,0,0,0.846,0,OlderHusband
5794,15-Dec,0,0,8.63,0,OlderHusband
5797,15-Dec,0,0,8.843,0,OlderHusband
5799,<12,0,0,38.897,0,OlderHusband
5802,>15,0,0,47.734,0,Peer
5805,15-Dec,0,0,34.987,0,Peer
5808,<12,0,0,36.249,0,Peer
5812,15-Dec,0,0,15.132,0,OlderHusband
5817,<12,0,0,7.956,0,Peer
5820,15-Dec,0,0,29.971,0,Peer
5827,15-Dec,0,0,13.602,0,Peer
5828,15-Dec,0,0,13.684,0,Peer
5830,15-Dec,0,0,10.968,0,Peer
5832,>15,0,0,45.399,0,OlderWife
5834,15-Dec,0,0,15.877,0,Peer
5838,15-Dec,0,0,0.646,0,Peer
5842,15-Dec,0,0,4.162,0,OlderHusband
5847,15-Dec,0,0,7.45,0,OlderWife
5853,<12,0,0,13.927,0,Peer
5856,15-Dec,0,0,1.309,0,Peer
5858,15-Dec,0,0,22.998,0,OlderHusband
5862,15-Dec,0,0,14.601,1,Peer
5864,<12,0,0,24.999,0,OlderHusband
5865,15-Dec,0,0,25.279,0,Peer
5867,<12,0,0,48.485,0,OlderHusband
5869,<12,0,0,49.248,0,Peer
5873,15-Dec,0,0,21.914,0,OlderHusband
5884,15-Dec,0,0,0.583,1,Peer
5889,15-Dec,0,0,9.5635,1,OlderHusband
5890,15-Dec,0,0,2.423,0,OlderHusband
5893,15-Dec,0,0,4,0,Peer
5894,15-Dec,0,0,14.773,0,OlderWife
5896,15-Dec,0,0,3.8985,1,Peer
5903,<12,0,0,9.862,0,Peer
5906,15-Dec,0,0,9.862,0,OlderHusband
5908,<12,0,0,20.835,0,Peer
5914,15-Dec,0,0,16.901,0,OlderWife
5922,15-Dec,0,0,9.142,0,OlderWife
5931,<12,0,0,6.795,0,OlderWife
5933,<12,0,0,22.256,0,OlderWife
5936,<12,0,0,9.936,0,Peer
5938,15-Dec,0,0,40.914,0,OlderHusband
5940,15-Dec,1,0,2.185,0,OlderWife
5943,<12,1,0,2.5545,1,Peer
5951,15-Dec,0,0,28.112,0,Peer
5953,<12,0,0,8.049,1,Peer
5956,15-Dec,0,0,47.42,0,Peer
5957,>15,0,0,0.761,0,OlderHusband
5966,>15,0,0,46.642,0,Peer
5967,15-Dec,0,0,19.061,0,OlderHusband
5969,15-Dec,0,0,3.7755,1,Peer
5971,15-Dec,0,0,17.689,0,OlderHusband
5975,>15,0,0,10.7,0,OlderHusband
5978,15-Dec,0,0,4,0,Peer
5997,>15,0,0,24.846,1,Peer
6008,<12,0,1,19.789,1,Peer
6014,15-Dec,1,0,2.716,0,Peer
6027,15-Dec,0,0,20.504,0,Peer
6030,>15,0,0,19.94,0,Peer
6034,15-Dec,0,0,20.923,0,Peer
6036,15-Dec,0,0,31.811,0,Peer
6042,15-Dec,0,0,6.2725,1,Peer
6045,<12,0,1,42.502,0,Peer
6054,<12,0,1,20.6245,1,Peer
6056,>15,0,0,8,0,Peer
6060,15-Dec,0,0,26.998,0,Peer
6063,<12,0,0,26.998,0,Peer
6065,15-Dec,0,0,8.4955,1,Peer
6071,>15,0,0,1.591,1,Peer
6084,<12,0,0,3.083,1,OlderWife
6086,15-Dec,0,0,3.083,1,OlderHusband
6089,15-Dec,0,0,5.254,0,OlderHusband
6092,<12,0,0,10.311,0,OlderHusband
6115,<12,0,0,47.907,0,Peer
6122,<12,0,0,47.028,0,OlderHusband
6124,>15,0,0,52.917,0,Peer
6127,15-Dec,0,0,52.917,0,Peer
6137,15-Dec,0,0,49.944,0,Peer
6140,15-Dec,0,0,29.982,0,Peer
6143,15-Dec,0,0,57.166,0,Peer
6148,<12,0,1,24.999,1,Peer
6155,15-Dec,0,0,22.453,1,Peer
6158,15-Dec,0,1,45.169,0,Peer
6164,15-Dec,0,1,0.4985,1,Peer
6166,15-Dec,0,0,16.252,1,OlderHusband
6168,15-Dec,0,0,21.949,0,Peer
6185,15-Dec,0,0,11.053,0,OlderHusband
6186,15-Dec,0,0,3.168,0,OlderHusband
6191,15-Dec,0,0,1.0595,1,Peer
6197,>15,0,0,6.188,0,Peer
6199,15-Dec,0,0,9.656,0,Peer
6202,>15,0,0,6.188,0,Peer
6205,15-Dec,0,0,49.687,0,Peer
6207,15-Dec,0,0,20.285,0,OlderHusband
6209,15-Dec,0,0,46.905,0,Peer
6212,15-Dec,0,0,46.905,0,Peer
6218,15-Dec,0,0,38.998,0,Peer
6220,>15,0,0,21.651,0,OlderHusband
6225,15-Dec,0,0,34.598,0,Peer
6229,15-Dec,0,0,14.052,0,Peer
6230,15-Dec,0,0,15.218,0,OlderHusband
6233,<12,0,0,27.42,1,Peer
6238,<12,0,0,4.758,0,Peer
6240,>15,0,0,4.758,0,Peer
6245,15-Dec,0,0,1.038,0,Peer
6247,>15,0,0,25.169,1,Peer
6256,15-Dec,0,0,0.81,0,OlderWife
6264,15-Dec,0,0,18.179,0,Peer
6266,>15,0,0,42.103,0,Peer
6279,>15,0,0,9.81,0,OlderWife
6280,15-Dec,0,0,5.667,1,OlderWife
6283,15-Dec,0,0,49.539,0,Peer
6295,15-Dec,0,0,2.001,0,Peer
6297,<12,0,0,9.3345,1,Peer
6303,<12,0,0,20.789,0,OlderHusband
6312,15-Dec,0,0,9.213,0,OlderHusband
6316,15-Dec,0,0,8.794,0,Peer
6318,<12,0,0,36.586,0,OlderHusband
6323,15-Dec,0,0,5.747,1,OlderWife
6329,<12,0,0,51.458,0,Peer
6333,15-Dec,0,0,35.17,0,OlderHusband
6336,<12,1,0,25.999,0,Peer
6339,<12,0,0,0.101,1,Peer
6341,15-Dec,0,0,3.751,1,OlderHusband
6345,15-Dec,1,0,2.6585,1,OlderWife
6348,15-Dec,0,0,27.4275,1,Peer
6350,15-Dec,0,0,11.992,0,Peer
6353,15-Dec,0,0,7.003,0,Peer
6357,15-Dec,0,0,15.25,1,Peer
6360,15-Dec,0,0,19.066,0,OlderHusband
6367,<12,0,0,8.616,0,OlderWife
6371,>15,0,0,13.733,0,Peer
6378,15-Dec,0,0,26.8335,1,Peer
6390,15-Dec,0,0,64.394,0,Peer
6393,<12,0,0,64.394,0,Peer
6394,<12,0,0,20.846,0,Peer
6400,15-Dec,0,0,6.768,0,OlderWife
6407,>15,0,0,6.8805,1,Peer
6410,15-Dec,0,0,31.647,0,Peer
6417,15-Dec,0,1,3.748,1,Peer
6426,>15,0,0,5.421,0,Peer
6429,<12,0,0,45.418,0,Peer
6434,15-Dec,0,0,3.4555,1,Peer
6440,15-Dec,0,0,17.947,0,Peer
6443,<12,0,0,46.984,0,Peer
6460,15-Dec,0,0,4.575,1,Peer
6467,>15,0,0,16.17,1,OlderHusband
6468,<12,0,0,16.17,1,OlderWife
6470,>15,0,0,4.679,0,Peer
6471,>15,0,0,19.165,1,Peer
6473,>15,0,0,25.435,0,Peer
6474,>15,0,0,25.435,0,Peer
6479,<12,0,0,12.999,0,Peer
6493,>15,0,0,23.376,0,Peer
6495,<12,0,0,26.001,0,Peer
6496,15-Dec,0,0,24.027,1,Peer
6498,<12,0,0,14.059,1,Peer
6500,15-Dec,0,0,0.252,0,Peer
6503,15-Dec,0,0,0.252,0,Peer
6507,15-Dec,0,0,3.6715,1,Peer
6509,15-Dec,0,0,5.0405,1,Peer
6512,>15,0,0,23.414,0,Peer
6516,15-Dec,0,0,15.3375,1,Peer
6518,15-Dec,1,0,23.499,1,Peer
6522,<12,1,0,13.002,1,OlderHusband
6524,<12,0,0,45.383,0,Peer
6527,15-Dec,0,0,12,0,Peer
6529,15-Dec,0,0,11.001,0,Peer
6533,15-Dec,0,0,53.821,0,Peer
6536,15-Dec,0,0,25.999,0,Peer
6539,15-Dec,0,0,34.5,0,Peer
6544,15-Dec,0,0,13.993,0,Peer
6545,<12,0,0,6.031,0,OlderHusband
6550,15-Dec,0,0,1.818,1,Peer
6553,<12,0,0,38.155,0,Peer
6557,15-Dec,0,0,5.005,0,OlderHusband
6559,<12,0,0,38.845,0,Peer
6563,<12,0,0,40.118,0,Peer
6567,<12,0,0,7.266,0,Peer
6570,15-Dec,0,0,14.097,0,OlderHusband
6572,15-Dec,0,0,7.417,1,Peer
6579,<12,0,0,3.559,0,Peer
6582,15-Dec,0,0,43.496,0,Peer
6585,15-Dec,0,0,47.264,0,Peer
6587,15-Dec,0,0,28.249,1,OlderHusband
6589,15-Dec,0,0,3.499,0,OlderWife
6596,<12,0,0,42.431,0,Peer
6599,15-Dec,0,0,39.168,0,Peer
6603,15-Dec,0,0,19.951,0,OlderHusband
6617,15-Dec,0,0,1.164,0,OlderHusband
6620,15-Dec,0,0,25.818,0,Peer
6624,15-Dec,0,0,6.47,0,OlderHusband
6630,15-Dec,0,0,12.233,0,OlderHusband
6635,15-Dec,0,0,10.086,1,Peer
6637,15-Dec,0,0,25.696,1,Peer
6639,<12,0,0,58.363,0,OlderWife
6644,15-Dec,0,0,3.526,0,Peer
6647,<12,0,0,55.51,0,Peer
6648,<12,0,0,19.559,0,OlderHusband
6654,<12,0,0,6.801,1,Peer
6655,15-Dec,0,0,8.616,0,Peer
6658,<12,0,0,44.085,0,Peer
6668,15-Dec,0,0,25.588,0,Peer
6670,<12,1,0,19.611,0,Peer
6671,15-Dec,0,0,11.2495,1,Peer
6673,15-Dec,0,0,5.002,0,Peer
6684,15-Dec,0,0,26.771,0,Peer
6688,15-Dec,0,0,8.764,1,Peer
6693,15-Dec,0,0,21.372,0,Peer
6694,15-Dec,0,0,7.838,0,OlderWife
6697,15-Dec,0,0,30.93,0,Peer
6699,<12,0,0,32,0,OlderWife
6704,15-Dec,0,0,18.144,0,Peer
6710,15-Dec,0,0,1.333,1,Peer
6719,15-Dec,0,0,5.7495,1,Peer
6721,15-Dec,0,0,27.001,0,Peer
6725,15-Dec,0,0,24.641,0,Peer
6732,<12,0,0,1.1665,1,Peer
6734,<12,0,0,3.885,0,Peer
6738,15-Dec,0,0,27.581,0,Peer
6743,<12,0,0,4.4435,1,Peer
6746,<12,0,0,4.9995,1,Peer
6753,15-Dec,0,0,21.561,0,OlderHusband
6756,15-Dec,0,0,21.336,0,Peer
6763,15-Dec,0,0,39.641,0,Peer
6768,15-Dec,0,0,17.142,0,Peer
6774,15-Dec,0,0,16.337,0,Peer
6782,15-Dec,0,0,17.142,0,Peer
6784,15-Dec,0,0,61.667,0,OlderHusband
6785,15-Dec,0,0,17.112,1,Peer
6787,<12,0,0,11.436,0,Peer
6789,15-Dec,0,0,47.671,0,Peer
6795,<12,0,0,2.872,0,OlderHusband
6797,15-Dec,0,0,14.6695,1,Peer
6800,15-Dec,0,0,14.6695,1,Peer
6807,<12,0,0,5.5825,1,OlderWife
6809,>15,0,0,43.042,0,OlderHusband
6816,15-Dec,0,0,2.9185,1,Peer
6819,15-Dec,0,0,11.896,0,OlderHusband
6825,15-Dec,0,0,8.953,0,OlderHusband
6827,15-Dec,0,0,43.573,0,Peer
6832,15-Dec,0,0,2.634,0,OlderHusband
6839,15-Dec,0,0,6.2095,1,Peer
6841,15-Dec,0,0,16.329,0,Peer
6843,<12,0,0,24.4435,1,Peer
6845,15-Dec,0,0,52,0,Peer
6848,<12,0,0,9.1665,1,Peer
6852,<12,0,0,4.3285,1,Peer
6857,<12,0,0,10.412,0,Peer
6859,>15,0,0,46.524,0,OlderWife
6862,<12,0,0,3.5015,1,OlderHusband
6866,15-Dec,0,0,7.409,0,OlderHusband
6873,15-Dec,0,1,3.001,0,Peer
6875,<12,0,0,25.4235,1,Peer
6878,<12,0,0,3.001,0,Peer
6886,>15,0,0,27.0825,1,Peer
6890,15-Dec,0,0,24.586,0,Peer
6897,>15,0,0,7.828,0,OlderHusband
6901,15-Dec,0,0,10.998,1,OlderWife
6902,<12,0,0,0.745,0,Peer
6907,<12,0,0,3.0035,1,Peer
6910,<12,0,1,24.249,0,Peer
6916,>15,0,0,23.45,0,OlderHusband
6918,<12,0,0,20.1095,1,Peer
6919,<12,0,0,22.656,0,OlderHusband
6921,<12,0,0,25.01,0,Peer
6922,15-Dec,1,0,14.743,0,OlderHusband
6923,>15,0,0,48.999,0,Peer
6926,<12,0,0,4.203,1,Peer
6929,<12,0,0,54.418,0,Peer
6941,15-Dec,0,0,13.279,0,OlderHusband
6942,15-Dec,0,0,25.35,0,Peer
6951,<12,0,0,32.791,0,OlderHusband
6955,15-Dec,0,0,7.663,0,Peer
6960,15-Dec,0,0,17.823,0,Peer
6966,<12,0,0,0.999,0,Peer
6975,<12,0,0,2.0455,1,Peer
6979,15-Dec,0,0,3.113,1,Peer
6985,15-Dec,0,0,53.993,0,Peer
6992,15-Dec,0,0,53.993,0,Peer
6995,<12,0,0,30.916,0,Peer
6997,<12,0,0,26.015,0,Peer
7000,15-Dec,0,0,26.762,0,Peer
7001,<12,0,0,3.1235,1,OlderWife
7007,<12,0,0,9.495,1,Peer
7013,<12,0,0,9.347,1,OlderHusband
7016,15-Dec,0,0,40.698,0,Peer
7021,15-Dec,0,0,7.584,0,OlderHusband
7023,<12,0,0,11.748,1,Peer
7025,15-Dec,0,0,50.494,0,OlderHusband
7027,15-Dec,0,0,22.992,0,OlderWife
7037,15-Dec,0,0,10.338,1,Peer
7039,<12,0,0,40.093,0,OlderHusband
7042,<12,0,0,40.093,0,Peer
7046,15-Dec,0,0,18.519,0,Peer
7052,<12,0,0,9.437,0,OlderHusband
7055,15-Dec,0,0,9.437,0,OlderHusband
7057,15-Dec,0,0,26.554,0,Peer
7060,15-Dec,0,0,26.554,0,Peer
7064,15-Dec,1,0,0.238,0,OlderWife
7069,15-Dec,1,0,0.498,1,Peer
7077,15-Dec,1,0,11.028,1,Peer
7080,15-Dec,0,0,45.96,0,Peer
7087,15-Dec,0,0,34.502,0,Peer
7089,15-Dec,0,0,13.7505,1,Peer
7094,15-Dec,0,0,5.451,0,Peer
7101,15-Dec,0,0,7.915,1,OlderHusband
7119,15-Dec,0,0,9.7195,1,Peer
7121,15-Dec,0,0,2.4175,1,Peer
7124,<12,0,1,55.42,0,Peer
7130,<12,1,1,15.995,0,OlderHusband
7137,15-Dec,1,0,4.958,0,Peer
7142,15-Dec,1,1,15.995,0,OlderHusband
7144,15-Dec,0,0,28.008,0,Peer
7147,15-Dec,0,0,1.002,0,Peer
7149,15-Dec,0,0,14.749,1,OlderHusband
7151,15-Dec,0,0,42.023,0,OlderHusband
7154,<12,0,0,42.023,0,Peer
7161,15-Dec,0,0,5.235,0,OlderHusband
7179,15-Dec,0,0,3.2495,1,Peer
7192,<12,0,0,51.57,0,Peer
7195,15-Dec,0,0,38.585,0,Peer
7197,15-Dec,0,0,20,0,Peer
7201,15-Dec,0,0,15.997,0,Peer
7204,15-Dec,0,0,15.997,0,Peer
7207,15-Dec,0,0,24.999,0,Peer
7210,>15,0,0,5.421,1,Peer
7217,<12,0,0,3.447,0,Peer
7219,15-Dec,0,0,9.999,0,Peer
7227,>15,0,0,37.999,0,Peer
7231,15-Dec,1,0,22.4995,1,Peer
7233,>15,0,1,4.4575,1,Peer
7236,15-Dec,0,0,12.4995,1,Peer
7239,<12,0,0,8.35,0,Peer
7243,15-Dec,0,0,11.532,0,Peer
7249,15-Dec,0,0,18.237,0,Peer
7251,15-Dec,0,0,18.237,0,OlderHusband
7253,15-Dec,0,0,54.91,0,Peer
7257,15-Dec,0,0,1.752,1,OlderHusband
7263,>15,0,0,14.998,0,Peer
7266,15-Dec,0,0,12,0,Peer
7271,<12,0,0,48.999,0,Peer
7273,15-Dec,0,0,41.947,0,Peer
7277,>15,0,0,17.506,0,OlderHusband
7278,>15,0,0,17.506,0,OlderWife
7283,15-Dec,0,0,1.465,0,Peer
7289,15-Dec,0,0,5.829,1,Peer
7295,15-Dec,0,0,37.158,0,Peer
7297,<12,0,0,29.999,0,OlderWife
7301,15-Dec,0,0,1.407,0,OlderWife
7303,15-Dec,0,0,9.999,0,Peer
7305,15-Dec,0,0,1.1585,1,Peer
7310,>15,0,0,9.999,1,OlderHusband
7317,<12,0,0,12.769,0,OlderWife
7320,<12,0,1,44.999,0,Peer
7324,15-Dec,1,0,12.8295,1,Peer
7328,<12,1,0,40.854,0,OlderHusband
7331,15-Dec,0,0,5.081,1,Peer
7337,15-Dec,0,0,18.875,0,Peer
7339,15-Dec,0,0,21.352,0,OlderHusband
7348,>15,0,0,18.804,0,Peer
7353,15-Dec,0,0,15.064,0,Peer
7360,15-Dec,0,0,8,1,Peer
7364,15-Dec,0,0,37.999,0,Peer
7367,15-Dec,0,0,29.355,0,Peer
7370,>15,0,0,4.794,0,OlderHusband
7373,15-Dec,0,1,13.372,0,Peer
7375,15-Dec,0,0,35.08,0,Peer
7378,15-Dec,0,0,35.08,0,Peer
7384,>15,0,0,2.79,0,OlderHusband
7386,15-Dec,0,0,24.446,1,OlderHusband
7389,15-Dec,0,0,19.42,1,Peer
7394,15-Dec,0,0,10.0835,1,Peer
7402,<12,0,0,4.789,0,OlderWife
7404,15-Dec,0,0,13.697,0,OlderWife
7407,15-Dec,0,0,10.59,1,Peer
7410,15-Dec,0,0,24.999,0,Peer
7413,15-Dec,0,0,16,0,Peer
7417,>15,0,0,12.739,0,OlderHusband
7421,<12,0,0,21.648,0,Peer
7426,15-Dec,0,0,19.058,0,Peer
7434,15-Dec,0,0,20.424,0,Peer
7441,15-Dec,0,0,54.251,0,OlderWife
7458,15-Dec,0,0,25.194,0,OlderHusband
7482,<12,0,0,2.623,0,Peer
7489,15-Dec,0,0,18.579,0,Peer
7491,<12,0,0,17.413,0,Peer
7493,15-Dec,0,0,30.773,0,Peer
7497,15-Dec,0,0,5.424,0,Peer
7502,15-Dec,0,0,0.608,0,Peer
7509,15-Dec,0,0,23.414,0,Peer
7510,<12,0,0,0.5145,1,Peer
7512,<12,0,0,13.999,0,Peer
7515,<12,0,0,13.999,0,Peer
7518,15-Dec,0,0,22.442,1,Peer
7521,>15,0,0,38.612,0,Peer
7526,15-Dec,0,0,4.994,0,Peer
7529,15-Dec,0,0,28.14,0,OlderHusband
7531,<12,0,0,24,0,Peer
7534,<12,0,0,57.062,0,Peer
7536,<12,0,0,48.17,0,OlderHusband
7543,15-Dec,0,0,23.4,0,OlderHusband
7545,15-Dec,0,0,27.343,0,Peer
7549,15-Dec,0,0,16.832,1,OlderHusband
7558,<12,0,0,0.999,1,OlderHusband
7563,15-Dec,0,0,1.503,1,Peer
7565,<12,1,0,25.718,1,Peer
7568,<12,0,1,33.752,0,Peer
7569,<12,1,0,22.428,0,OlderHusband
7572,<12,0,0,27.406,0,Peer
7584,<12,0,0,0.115,0,OlderHusband
7586,>15,0,0,52.172,0,Peer
7589,15-Dec,0,0,52.172,0,Peer
7593,>15,0,0,19.0825,1,Peer
7594,>15,0,0,19.0825,1,OlderWife
7596,15-Dec,1,0,32.923,0,Peer
7608,>15,0,0,8.613,0,OlderHusband
7624,15-Dec,0,0,1.413,0,OlderHusband
7627,>15,0,0,8,0,Peer
7630,<12,0,0,48.422,0,Peer
7638,<12,0,0,24.526,0,Peer
7643,15-Dec,0,0,22.467,0,OlderHusband
7645,<12,0,0,0.8735,1,Peer
7646,15-Dec,0,0,3.921,1,Peer
7647,<12,0,0,9.27,0,OlderHusband
7649,<12,1,1,29.4125,1,Peer
7673,15-Dec,1,0,13.032,0,Peer
7676,<12,0,0,63.45,0,Peer
7678,15-Dec,0,0,43.953,0,Peer
7684,15-Dec,0,0,3.4965,1,OlderHusband
7686,<12,0,0,34.691,0,OlderHusband
7688,<12,0,0,5.8755,1,Peer
7692,15-Dec,0,0,1.7605,1,OlderWife
7697,15-Dec,0,0,16.249,0,Peer
7703,15-Dec,0,0,8.534,0,Peer
7718,15-Dec,0,0,12.2,0,Peer
7721,>15,0,0,9.4155,1,OlderHusband
7725,>15,0,0,9.4155,1,OlderHusband
7728,15-Dec,0,0,46.582,0,Peer
7732,15-Dec,0,0,3.5045,1,Peer
7734,>15,0,0,46.705,0,OlderHusband
7736,>15,0,0,20.824,0,Peer
7742,>15,0,0,6.0015,1,OlderHusband
7743,>15,0,0,18.086,1,OlderWife
7745,15-Dec,0,0,6.0015,1,OlderWife
7747,>15,0,0,25.6235,1,Peer
7749,15-Dec,0,0,23.0005,1,Peer
7752,15-Dec,0,0,20.999,0,Peer
7755,15-Dec,0,0,30.998,0,Peer
7760,>15,0,0,14.0835,1,OlderHusband
7766,15-Dec,0,0,16.816,0,OlderHusband
7768,<12,0,0,9.58,0,Peer
7772,<12,0,0,35.669,0,Peer
7774,<12,0,0,40.219,0,Peer
7776,15-Dec,0,0,0.252,0,Peer
7779,15-Dec,0,0,0.252,0,Peer
7784,15-Dec,0,0,56.761,0,Peer
7801,15-Dec,1,0,7.6335,1,OlderWife
7803,<12,1,0,3.332,1,OlderHusband
7806,15-Dec,0,0,7.0475,1,Peer
7818,15-Dec,0,0,0.999,0,OlderWife
7822,15-Dec,0,0,23.8305,1,Peer
7828,15-Dec,0,0,6.338,1,Peer
7839,15-Dec,0,0,3.904,0,OlderWife
7841,15-Dec,0,0,26.5245,1,OlderWife
7846,15-Dec,0,0,6.5025,1,Peer
7849,15-Dec,1,0,25.999,0,Peer
7852,15-Dec,0,0,17.793,0,Peer
7853,<12,0,0,1.574,0,Peer
7863,15-Dec,0,0,6.4995,1,Peer
7866,15-Dec,0,0,17.58,1,Peer
7882,15-Dec,0,0,29.7875,1,Peer
7883,15-Dec,0,0,15.669,0,OlderHusband
7885,<12,1,0,18.311,1,Peer
7888,<12,0,1,18.7955,1,Peer
7892,15-Dec,1,0,9.897,0,OlderHusband
7894,<12,0,1,19.6225,1,Peer
7905,15-Dec,0,0,0.419,1,Peer
7907,<12,0,0,15.7355,1,Peer
7911,<12,0,0,2.973,0,Peer
7912,15-Dec,0,0,2.973,0,OlderHusband
7915,<12,0,0,9.7635,1,Peer
7918,<12,0,0,14.749,0,Peer
7920,15-Dec,0,0,26.998,0,Peer
7922,>15,0,0,47.86,0,Peer
7924,>15,0,0,18.166,0,Peer
7928,<12,0,0,1.719,0,Peer
7934,15-Dec,0,0,18.598,0,Peer
7936,>15,0,0,40.411,0,OlderHusband
7940,>15,0,0,20.925,0,OlderHusband
7943,>15,0,0,13.511,0,OlderHusband
7944,<12,0,0,18.505,0,Peer
7949,>15,0,0,6.2835,1,Peer
7952,15-Dec,0,0,6.664,1,Peer
7953,15-Dec,0,0,14.327,0,Peer
7955,15-Dec,0,0,33.999,0,OlderHusband
7958,15-Dec,0,0,32.819,0,Peer
7974,15-Dec,0,1,9.914,0,Peer
7976,<12,0,0,49.99,0,Peer
7979,<12,0,0,49.99,0,Peer
7981,<12,0,0,45.758,0,OlderHusband
7984,<12,0,0,27.499,1,Peer
7987,15-Dec,0,0,28.936,0,Peer
7992,>15,0,0,7.1265,1,OlderHusband
7998,>15,0,0,0.846,0,Peer
8002,15-Dec,0,0,16.616,1,Peer
8010,15-Dec,0,0,16.104,0,OlderHusband
8019,<12,0,0,4.9145,1,OlderHusband
8027,>15,0,0,24.142,0,Peer
8029,15-Dec,0,0,46.1,0,Peer
8036,15-Dec,0,0,23.7455,1,OlderWife
8038,15-Dec,0,0,57.561,0,Peer
8042,>15,0,0,17.947,0,Peer
8043,>15,0,0,17.947,0,OlderWife
8045,15-Dec,0,0,50.103,0,Peer
8048,15-Dec,0,0,50.103,0,Peer
8050,<12,0,0,7.0005,1,Peer
8053,<12,0,0,28.997,0,Peer
8058,15-Dec,0,0,8.52,0,Peer
8064,15-Dec,0,0,22.001,0,Peer
8070,<12,1,0,46.24,0,Peer
8073,15-Dec,0,0,60.882,0,Peer
8075,>15,0,0,8.7475,1,Peer
8083,15-Dec,0,0,4.865,0,OlderHusband
8087,15-Dec,0,0,17.177,0,Peer
8092,15-Dec,0,0,21.092,0,Peer
8094,<12,0,0,55.14,0,OlderHusband
8098,<12,0,0,43.984,0,Peer
8101,<12,0,0,49.142,0,Peer
8103,15-Dec,0,0,15.617,1,Peer
8107,15-Dec,0,0,17.722,0,OlderHusband
8111,15-Dec,0,0,32.419,0,Peer
8114,<12,0,0,2.0015,1,Peer
8122,<12,0,0,38.743,0,Peer
8124,<12,0,0,50.24,0,Peer
8128,<12,0,0,1.415,0,Peer
8131,15-Dec,0,0,27.023,0,Peer
8133,15-Dec,0,0,9.3745,1,Peer
8138,15-Dec,0,0,4,1,OlderHusband
8144,>15,0,0,26.196,0,Peer
8146,15-Dec,0,0,14.001,0,Peer
8149,15-Dec,0,0,14.001,0,Peer
8151,<12,0,1,22.582,1,Peer
8157,15-Dec,0,0,23.351,0,OlderWife
8161,<12,0,0,11.923,1,Peer
8172,15-Dec,0,1,6.4585,1,Peer
8183,15-Dec,0,0,9.259,0,OlderHusband
8186,15-Dec,0,0,42.097,0,Peer
8192,<12,0,0,12.1205,1,Peer
8198,15-Dec,0,0,7.009,0,Peer
8210,15-Dec,1,1,10.122,1,Peer
8218,<12,0,1,42.376,0,Peer
8221,15-Dec,0,0,23.042,0,Peer
8223,15-Dec,0,0,19.003,0,Peer
8225,>15,0,0,13.999,0,Peer
8228,15-Dec,0,0,13.999,0,Peer
8231,<12,0,0,1.068,0,Peer
8233,<12,0,0,27.201,0,Peer
8244,<12,0,0,0.917,1,OlderWife
8245,>15,0,0,2.168,1,Peer
8247,15-Dec,0,0,8.583,1,Peer
8255,<12,1,0,9.142,0,OlderHusband
8260,<12,0,1,53.04,0,Peer
8265,>15,0,0,0.676,0,Peer
8266,15-Dec,0,0,4.085,1,Peer
8270,<12,1,0,6.177,0,OlderHusband
8275,15-Dec,0,0,6.661,0,OlderWife
8278,15-Dec,0,1,5.1635,1,Peer
8283,15-Dec,1,0,3.285,0,OlderWife
8288,>15,0,0,13.2925,1,Peer
8292,>15,0,0,12.586,1,Peer
8294,<12,0,0,5.002,0,Peer
8295,15-Dec,0,0,12.794,0,OlderHusband
8298,15-Dec,0,0,7.0005,1,Peer
8300,15-Dec,0,0,20.3645,1,Peer
8302,>15,0,0,10.806,0,OlderWife
8307,>15,0,0,5.043,0,Peer
8311,>15,1,0,7.948,0,OlderHusband
8314,15-Dec,1,1,10.9655,1,Peer
8321,15-Dec,1,1,11.953,0,Peer
8335,15-Dec,0,1,3.77,0,Peer
8340,15-Dec,0,1,2.001,0,Peer
8348,15-Dec,1,0,7.94,0,OlderHusband
8350,<12,1,0,20,0,Peer
8353,15-Dec,1,0,20,0,Peer
8358,>15,0,0,6.207,0,Peer
8364,15-Dec,0,0,1.799,0,Peer
8372,15-Dec,0,0,2.649,1,OlderWife
8376,<12,0,0,56.999,0,Peer
8380,<12,0,0,11.502,0,Peer
8385,<12,0,0,27.496,0,Peer
8390,<12,0,0,11.502,0,OlderHusband
8396,>15,0,0,2.502,0,OlderWife
8405,15-Dec,0,0,15.0035,1,Peer
8419,>15,0,0,0.567,0,Peer
8423,<12,0,1,26.3765,1,Peer
8427,15-Dec,0,1,3.335,1,Peer
8433,<12,1,1,0.9995,1,Peer
8444,15-Dec,1,0,15.63,0,OlderHusband
8451,<12,1,1,23.231,0,Peer
8453,15-Dec,1,1,16.3175,1,Peer
8456,<12,0,1,16.3315,1,Peer
8466,>15,1,0,7.02,0,OlderHusband
8470,15-Dec,0,1,25.366,0,Peer
8474,15-Dec,1,0,6.8335,1,OlderHusband
8480,15-Dec,1,1,11.206,0,Peer
8483,15-Dec,0,0,18.097,0,Peer
8486,<12,0,0,0.753,1,OlderHusband
8487,15-Dec,0,0,6.0835,1,Peer
8498,<12,0,0,7.31,0,OlderHusband
8512,15-Dec,0,1,17.999,0,Peer
8517,15-Dec,1,0,8.271,1,OlderHusband
8520,<12,0,1,3.1665,1,Peer
8532,<12,0,1,10.664,0,Peer
8535,15-Dec,0,0,5.328,0,Peer
8547,15-Dec,0,1,22.423,1,Peer
8550,15-Dec,1,0,20.69,0,Peer
8555,15-Dec,0,1,1.41,0,Peer
8563,15-Dec,1,0,10.168,1,Peer
8569,15-Dec,1,1,3.0005,1,Peer
8576,15-Dec,1,0,3.291,0,OlderHusband
8585,<12,1,1,2.1655,1,Peer
8587,<12,1,0,19.106,1,Peer
8589,<12,0,1,24.663,0,Peer
8594,15-Dec,1,1,7.02,0,Peer
8598,<12,1,1,2.494,0,Peer
8600,<12,1,0,35.001,0,Peer
8605,15-Dec,0,1,10.916,0,Peer
8613,<12,1,0,2.779,0,OlderHusband
8629,15-Dec,1,0,2.749,0,OlderHusband
8640,<12,1,0,6.598,1,OlderHusband
8673,<12,1,0,1.503,0,Peer
8683,<12,1,1,19.2775,1,Peer
8685,<12,1,0,38.0915,1,Peer
8690,<12,1,1,4,1,Peer
8693,15-Dec,0,1,11.2885,1,Peer
8702,15-Dec,1,1,27.441,0,Peer
8719,<12,1,0,9.413,0,OlderHusband
8726,15-Dec,1,0,8.104,0,Peer
8730,15-Dec,1,0,4.104,0,Peer
8741,15-Dec,1,1,4.104,0,Peer
8743,<12,0,1,28,0,Peer
8754,<12,1,0,20.041,0,Peer
8758,<12,0,1,2.4555,1,Peer
8761,<12,0,1,38.669,0,Peer
8773,>15,0,0,22.502,0,Peer
8775,<12,0,0,13.084,1,Peer
8780,15-Dec,0,0,4,1,Peer
8786,<12,0,0,1.503,1,Peer
8789,15-Dec,0,0,1.369,0,OlderHusband
8795,15-Dec,0,1,40.838,0,Peer
8798,15-Dec,0,1,33.689,0,Peer
8801,15-Dec,0,1,42.754,0,Peer
8805,<12,0,1,8.167,1,Peer
8813,15-Dec,1,1,3.1295,1,Peer
8815,15-Dec,1,0,5.3335,1,Peer
8816,>15,1,0,5.826,1,Peer
8822,>15,1,0,3.173,0,Peer
8827,15-Dec,0,0,7.759,0,Peer
8831,<12,0,0,16.219,1,Peer
8833,<12,0,0,36.3775,1,Peer
8835,15-Dec,0,0,27.381,0,Peer
8837,15-Dec,0,0,13.922,0,Peer
8846,15-Dec,0,0,8.252,1,Peer
8851,15-Dec,0,0,5.153,0,OlderHusband
8854,15-Dec,0,0,18.319,0,Peer
8856,>15,0,0,7.855,1,Peer
8860,15-Dec,0,0,43.556,0,Peer
8885,>15,0,0,2.1655,1,Peer
8887,15-Dec,0,0,25.958,0,Peer
8908,>15,0,0,4.17,1,Peer
8924,15-Dec,1,0,8,0,Peer
8927,<12,0,1,23.918,0,Peer
8930,<12,1,1,9.624,0,Peer
8932,15-Dec,0,1,7.5975,1,Peer
8937,<12,0,1,11.1075,1,Peer
8939,15-Dec,1,1,29.1635,1,Peer
8959,<12,1,1,11.6605,1,Peer
8969,15-Dec,0,1,0.167,1,Peer
8971,15-Dec,0,0,29.999,0,Peer
8974,15-Dec,0,0,29.999,0,Peer
8978,15-Dec,0,1,15.54,0,Peer
8979,<12,1,1,17.582,0,Peer
8984,<12,1,0,14.905,0,Peer
8993,15-Dec,0,1,6.8335,1,Peer
8997,<12,1,0,6.04,0,OlderHusband
8998,15-Dec,0,0,6.0015,1,Peer
9007,15-Dec,0,0,9.6945,1,Peer
9012,15-Dec,0,0,20.29,0,Peer
9013,15-Dec,0,0,20.29,0,Peer
9018,15-Dec,0,0,13.155,0,OlderWife
9028,15-Dec,0,0,14.1655,1,OlderHusband
9042,15-Dec,0,0,12.665,0,OlderWife
9049,15-Dec,0,0,12.578,1,Peer
9057,15-Dec,0,0,0.164,0,OlderHusband
9060,15-Dec,0,1,45.164,0,Peer
9062,<12,1,0,12.999,0,Peer
9065,<12,0,1,4.539,0,Peer
9067,15-Dec,1,1,14.8365,1,Peer
9069,<12,1,0,11.9645,1,Peer
9082,15-Dec,0,0,16.504,1,Peer
9088,15-Dec,0,0,5.503,1,Peer
9091,15-Dec,0,0,16.504,1,Peer
9096,15-Dec,0,0,5.503,1,Peer
9098,15-Dec,1,1,11.001,0,Peer
9100,<12,0,0,17.2185,1,Peer
9102,<12,0,0,18.023,0,OlderWife
9108,15-Dec,1,1,20.252,1,Peer
9112,15-Dec,1,0,17.5825,1,OlderWife
9118,<12,0,1,6.0015,1,Peer
9126,<12,1,0,50.108,0,OlderHusband
9131,15-Dec,1,0,4.9145,1,Peer
9133,<12,1,0,2.004,0,OlderWife
9146,<12,1,0,4.225,0,Peer
9158,15-Dec,1,0,29.077,0,OlderHusband
9161,>15,0,1,39.669,0,Peer
9163,15-Dec,1,0,3.3375,1,Peer
9171,<12,0,0,2.171,1,Peer
9173,<12,0,0,56.668,0,Peer
9188,<12,0,0,49.511,0,Peer
9192,15-Dec,0,0,15.17,0,Peer
9198,<12,0,0,25.018,0,Peer
9199,<12,0,0,6.897,0,OlderHusband
9219,15-Dec,0,1,18.374,0,Peer
9232,15-Dec,1,1,3.666,1,Peer
9237,<12,0,0,46.22,0,Peer
9239,<12,0,0,30.081,0,Peer
9241,15-Dec,0,0,14.22,0,Peer
9243,<12,1,1,17.952,1,Peer
9245,<12,1,0,37.539,0,Peer
9248,<12,0,1,48.252,0,Peer
9255,15-Dec,1,0,15.622,1,Peer
9263,15-Dec,0,0,7.5045,1,Peer
9266,15-Dec,0,0,2.6615,1,Peer
9269,<12,0,1,26.8885,1,Peer
9271,15-Dec,0,1,20.1285,1,Peer
9273,<12,0,0,20.942,0,Peer
9281,15-Dec,0,0,5.588,1,Peer
9284,>15,0,0,3.0855,1,Peer
9292,<12,0,1,11.904,0,Peer
9293,15-Dec,1,1,11.904,0,Peer
9299,15-Dec,0,1,5.383,0,Peer
9308,<12,0,0,1.084,1,Peer
9317,<12,0,0,12.2795,1,OlderWife
9325,<12,0,0,3.02,0,OlderWife
9328,<12,0,1,16,0,Peer
9331,15-Dec,0,1,17.169,0,Peer
9336,15-Dec,1,0,1.728,0,Peer
9339,15-Dec,0,1,6.998,1,Peer
9341,>15,1,1,13.875,0,Peer
9342,15-Dec,0,1,18.71,0,Peer
9344,<12,1,0,34.001,0,Peer
9346,<12,0,0,6.502,1,Peer
9349,15-Dec,0,0,6.0165,1,Peer
9353,15-Dec,0,0,10.2505,1,Peer
9356,15-Dec,0,1,22.749,0,Peer
9359,15-Dec,1,0,24.999,0,Peer
9382,<12,1,0,12.219,1,Peer
9385,15-Dec,1,0,17.363,0,Peer
9387,<12,1,1,29.999,0,Peer
9393,15-Dec,0,0,24.044,0,Peer
9395,>15,0,0,29.7275,1,Peer
9397,<12,0,1,33.96,0,Peer
9409,15-Dec,1,0,15.589,0,Peer
9418,15-Dec,1,0,8.225,0,OlderHusband
9419,15-Dec,0,1,15.918,1,Peer
9430,<12,1,1,21.774,1,Peer
9436,15-Dec,0,0,11.748,0,Peer
9440,>15,0,0,11.748,0,Peer
9449,<12,0,0,16.901,0,Peer
9458,15-Dec,0,0,0.523,0,OlderWife
9464,15-Dec,0,0,10.089,0,OlderWife
9466,>15,0,0,19.6715,1,Peer
9472,<12,0,0,11.606,0,Peer
9483,15-Dec,0,0,3.748,1,Peer
9490,<12,0,0,25.065,1,Peer
9493,<12,0,0,43.745,0,Peer
9496,15-Dec,1,0,46.962,1,Peer
9498,<12,0,0,25.4125,1,Peer
9502,>15,0,0,33.695,0,Peer
9505,<12,0,1,46.535,0,Peer
9512,15-Dec,1,0,6.975,1,Peer
9518,>15,1,0,3.833,1,OlderHusband
9525,15-Dec,0,1,14.283,1,Peer
9528,15-Dec,0,1,19.896,0,Peer
9529,>15,0,0,7.786,0,Peer
9534,15-Dec,0,1,31.921,0,Peer
9536,15-Dec,1,1,0.4985,1,Peer
9542,<12,0,1,2.0205,1,Peer
9544,<12,0,1,21.213,1,Peer
9547,15-Dec,0,0,12,0,Peer
9550,15-Dec,0,0,20.129,0,Peer
9552,15-Dec,0,0,25.166,0,Peer
9554,15-Dec,1,1,2.6285,1,Peer
9558,>15,0,1,21.952,0,Peer
9561,<12,0,0,13.539,1,Peer
9563,<12,0,0,12.235,0,Peer
9565,<12,1,0,8.9555,1,Peer
9567,<12,0,1,60.249,0,Peer
9577,15-Dec,1,0,7.351,0,OlderHusband
9590,15-Dec,0,1,2.1625,1,OlderHusband
9601,15-Dec,1,0,2.1625,1,OlderHusband
9659,<12,0,1,19.7915,1,Peer
9663,<12,1,1,39.417,0,Peer
9666,<12,0,1,39.417,0,Peer
9667,<12,1,0,18.585,0,Peer
9669,15-Dec,0,1,33.9955,1,Peer
9670,15-Dec,0,1,3.756,1,Peer
9676,15-Dec,0,1,8.2925,1,Peer
9683,15-Dec,0,1,18.212,0,Peer
9686,15-Dec,1,0,11.751,0,OlderHusband
9690,<12,1,0,13.763,0,Peer
9692,15-Dec,1,0,12.5515,1,Peer
9698,<12,0,1,14.319,0,Peer
9701,<12,0,1,12.747,0,Peer
9721,<12,1,1,12.931,0,Peer
9723,<12,1,0,22.0805,1,Peer
9725,>15,0,0,34.084,0,Peer
9727,<12,0,0,11.296,1,Peer
9729,<12,1,1,14.905,0,Peer
9733,15-Dec,1,1,3.261,0,Peer
9739,<12,0,1,11.102,0,Peer
9741,<12,1,1,35.756,0,Peer
9746,<12,0,1,19.332,0,Peer
9752,<12,1,0,3.808,0,Peer
9759,<12,1,0,5.509,0,OlderWife
9766,15-Dec,0,0,13.418,1,Peer
9768,15-Dec,0,1,16.834,0,Peer
9770,<12,1,0,12,0,Peer
9774,<12,0,0,11.303,1,Peer
9777,15-Dec,0,0,6.297,0,OlderHusband
9790,15-Dec,1,0,2.286,0,Peer
9792,>15,0,0,9.618,1,Peer
9801,15-Dec,0,0,2.012,0,Peer
9814,<12,1,1,24.961,0,Peer
9824,15-Dec,1,0,2.617,0,OlderWife
9826,15-Dec,0,0,40.523,0,Peer
9828,15-Dec,0,0,17.016,0,Peer
9830,<12,1,1,42.921,0,Peer
9833,<12,0,1,42.921,0,Peer
9842,15-Dec,1,0,2.256,0,OlderWife
9849,15-Dec,1,1,16.216,0,Peer
9857,15-Dec,1,0,1.911,0,OlderWife
9859,15-Dec,1,0,15.247,0,OlderHusband
9868,<12,1,1,28,0,Peer
9874,15-Dec,1,1,1.563,0,Peer
9876,15-Dec,0,0,12.4845,1,Peer
9885,15-Dec,0,0,2.576,0,OlderHusband
9888,15-Dec,0,1,15.603,0,Peer
9909,15-Dec,1,0,6.527,0,Peer
9911,15-Dec,0,0,47.25,0,Peer
9918,15-Dec,0,0,11.751,0,Peer
9927,15-Dec,0,0,16.339,0,OlderHusband
9953,15-Dec,0,0,21.999,0,Peer
9959,15-Dec,1,1,4.7475,1,Peer
9965,<12,0,1,11.502,0,Peer
9966,15-Dec,0,1,14.856,0,Peer
9974,15-Dec,1,1,18.825,0,Peer
9997,15-Dec,0,1,17.065,0,Peer
10001,15-Dec,1,0,28.4985,1,Peer
10004,15-Dec,0,1,28.501,0,Peer
10007,15-Dec,0,1,36.041,0,Peer
10016,15-Dec,1,1,0.539,0,Peer
10020,<12,0,1,11.841,0,Peer
10022,<12,0,1,32.164,0,Peer
10026,15-Dec,1,1,5.372,0,OlderHusband
10029,15-Dec,0,0,15.025,0,Peer
10031,15-Dec,0,0,8.512,0,Peer
10039,<12,0,1,18.998,0,Peer
10045,<12,0,1,4.4955,1,Peer
10050,<12,1,1,17.503,1,Peer
10054,>15,0,1,4.72,0,Peer
10056,<12,0,1,24.9995,1,Peer
10059,15-Dec,1,0,2.245,1,OlderHusband
10063,15-Dec,1,1,19.554,0,Peer
10067,15-Dec,1,0,11.551,0,Peer
10080,15-Dec,0,1,11.551,0,Peer
10082,<12,1,1,10.552,1,Peer
10089,<12,0,0,20,0,Peer
10092,<12,0,1,31.792,0,Peer
10094,15-Dec,1,0,3.923,0,OlderHusband
10105,<12,0,1,5.5,1,Peer
10109,15-Dec,1,1,24.999,0,Peer
10113,<12,0,0,5.5605,1,Peer
10117,<12,0,0,4.337,1,Peer
10128,<12,1,0,0.621,0,OlderHusband
10130,<12,1,0,20.137,0,Peer
10134,<12,1,1,3.855,0,Peer
10143,<12,1,1,18.4585,1,Peer
10160,<12,0,1,41.843,0,Peer
10166,<12,1,1,14.172,0,Peer
10168,<12,0,1,13.648,1,Peer
10170,<12,1,0,30.992,0,Peer
10182,15-Dec,1,0,23.786,0,Peer
10196,>15,0,0,7.168,1,OlderHusband
10197,<12,0,0,1.498,0,OlderWife
10201,15-Dec,0,0,22.7185,1,OlderHusband
10206,15-Dec,0,0,6.409,0,OlderHusband
10216,15-Dec,0,0,13.821,0,OlderHusband
10217,<12,0,0,0.534,0,Peer
10222,15-Dec,0,0,19.877,0,Peer
10230,15-Dec,0,0,13.314,0,OlderHusband
10239,15-Dec,0,0,13.821,0,Peer
10242,15-Dec,0,0,5.919,1,Peer
10245,15-Dec,0,0,42.434,0,Peer
10253,15-Dec,0,0,19.291,1,Peer
10256,<12,0,0,38.919,0,Peer
10258,<12,1,1,27.86,0,Peer
10261,<12,0,0,27.86,0,Peer
10265,<12,0,0,6.708,0,Peer
10267,<12,1,0,21.169,0,Peer
10270,<12,0,0,3.086,0,Peer
10271,<12,0,1,8.901,0,OlderHusband
10272,<12,0,0,17.585,0,Peer
10274,<12,1,1,35.828,0,Peer
10282,<12,1,1,16.6055,1,Peer
10287,<12,1,1,22.867,0,Peer
10294,<12,0,1,14.582,0,Peer
10297,<12,0,1,30.861,0,Peer
10305,15-Dec,1,1,11.759,0,Peer
10308,15-Dec,0,1,4.534,0,Peer
10316,15-Dec,1,1,21.7,0,Peer
10325,15-Dec,1,0,0.381,0,Peer
10328,15-Dec,1,0,8.435,0,Peer
10331,<12,0,1,47.852,0,Peer
10334,15-Dec,1,0,2.305,0,OlderHusband
10335,<12,1,0,26.111,0,Peer
10338,<12,1,1,13.629,0,Peer
10347,15-Dec,0,0,5.96,0,Peer
10349,15-Dec,0,0,1.5445,1,Peer
10357,<12,0,0,19.2525,1,Peer
10361,<12,0,0,4.999,1,Peer
10366,15-Dec,0,0,4.843,0,OlderHusband
10400,15-Dec,0,0,4.843,0,Peer
10406,<12,0,0,19.064,0,Peer
10411,15-Dec,0,0,6.7515,1,Peer
10432,15-Dec,0,0,26.103,0,Peer
10442,>15,1,0,4.307,0,OlderHusband
10445,15-Dec,1,0,17.577,1,Peer
10457,<12,1,1,21.227,0,Peer
10459,<12,0,1,19.54,1,Peer
10463,15-Dec,1,1,4.6595,1,Peer
10468,<12,1,0,2.1435,1,OlderHusband
10483,<12,1,0,7.751,0,OlderHusband
10488,15-Dec,1,0,5.604,0,OlderHusband
10496,>15,0,1,5.807,1,Peer
10499,15-Dec,0,1,5.5085,1,Peer
10503,<12,1,1,6.021,0,Peer
10507,<12,0,1,23.001,1,Peer
10513,15-Dec,1,1,16.668,1,Peer
10515,15-Dec,0,0,16.668,1,Peer
10521,>15,1,1,2.998,1,Peer
10528,15-Dec,0,1,1.038,0,Peer
10536,<12,1,0,2.971,0,OlderWife
10543,15-Dec,0,0,53.142,0,Peer
10546,>15,0,0,11.792,0,Peer
10555,<12,0,0,0.923,0,Peer
10565,<12,1,1,2.938,0,OlderWife
10573,<12,0,1,9.8,0,Peer
10589,15-Dec,0,0,4,1,OlderHusband
10593,15-Dec,0,0,18.127,0,Peer
10605,15-Dec,0,1,20.991,0,Peer
10610,15-Dec,0,0,38.428,0,Peer
10614,15-Dec,0,0,15.871,0,Peer
10620,<12,0,1,2.168,1,Peer
10627,15-Dec,1,0,21.593,0,OlderHusband
10637,15-Dec,1,0,21.095,0,Peer
10639,<12,1,1,11.028,1,Peer
10650,15-Dec,0,0,1.448,0,Peer
10656,15-Dec,0,0,10.168,1,Peer
10659,>15,0,0,28.17,0,Peer
10662,<12,0,1,22.47,0,Peer
10680,15-Dec,1,0,6.146,0,Peer
10687,<12,1,1,2.9155,1,Peer
10691,<12,0,1,2.9625,1,Peer
10699,15-Dec,0,1,6.9185,1,Peer
10704,15-Dec,1,1,15.195,0,Peer
10718,15-Dec,0,0,0.427,1,Peer
10722,15-Dec,0,0,13.051,0,Peer
10729,15-Dec,0,0,14.472,0,OlderHusband
10738,15-Dec,0,0,17.117,0,Peer
10740,<12,1,1,39.803,0,Peer
10747,<12,0,1,25.166,0,Peer
10754,15-Dec,0,1,9.5,1,Peer
10762,15-Dec,1,1,5.339,1,Peer
10764,15-Dec,0,0,13.254,1,Peer
10765,<12,1,1,11.748,0,Peer
10768,15-Dec,0,0,5.588,1,Peer
10773,15-Dec,0,0,0.5885,1,Peer
10786,15-Dec,0,0,0.4985,1,Peer
10797,15-Dec,1,1,22.973,0,Peer
10803,15-Dec,0,1,1.763,0,OlderHusband
10806,15-Dec,0,1,43.097,0,Peer
10811,15-Dec,1,0,10.858,0,OlderHusband
10813,<12,1,1,2.9975,1,Peer
10816,15-Dec,1,1,8.0025,1,Peer
10827,15-Dec,1,1,22.502,0,Peer
10830,<12,0,1,57.415,0,Peer
10832,15-Dec,1,1,18.9155,1,Peer
10838,15-Dec,0,0,8.534,0,Peer
10839,15-Dec,0,0,1.7275,1,OlderHusband
10844,<12,0,1,21.722,0,Peer
10862,<12,1,0,4.92,0,OlderWife
10873,<12,0,0,52.14,0,Peer
10893,15-Dec,1,0,15.217,0,Peer
10899,15-Dec,0,1,8.983,1,Peer
10911,15-Dec,1,0,8.608,0,OlderWife
10914,15-Dec,1,0,1.098,0,Peer
10919,<12,0,0,14.067,0,Peer
10923,<12,0,0,14.067,0,OlderHusband
10926,<12,0,1,50.251,0,Peer
10928,<12,0,1,16.419,0,Peer
10932,15-Dec,0,0,23.034,0,Peer
10937,15-Dec,0,0,12.304,0,Peer
10939,15-Dec,0,0,17.013,0,OlderHusband
10946,15-Dec,0,0,30.2475,1,Peer
10948,<12,0,0,35.181,0,Peer
10953,15-Dec,0,0,0.832,0,Peer
10958,15-Dec,0,0,5.695,0,Peer
10960,<12,1,0,17.1965,1,Peer
10962,15-Dec,1,0,19.409,0,Peer
10977,<12,1,0,49.687,0,Peer
10981,<12,1,1,10.001,0,Peer
10984,<12,0,1,15.997,0,Peer
10988,15-Dec,0,0,10.338,1,OlderHusband
10998,15-Dec,0,0,5.0475,1,Peer
11000,<12,0,1,17.6265,1,Peer
11003,15-Dec,1,1,16.093,0,Peer
11010,15-Dec,1,1,12.602,0,Peer
11032,<12,0,1,52.794,0,Peer
11064,15-Dec,1,1,16.586,1,Peer
11066,15-Dec,1,0,4.454,0,Peer
11077,<12,1,1,11.546,0,Peer
11080,<12,0,1,50.182,0,Peer
11084,<12,0,0,35.001,0,Peer
11092,15-Dec,0,0,2.472,0,Peer
11094,<12,1,1,34.459,0,Peer
11097,<12,0,1,34.459,0,Peer
11102,15-Dec,1,0,11.173,0,Peer
11108,<12,0,1,10.094,0,Peer
11115,15-Dec,1,0,10.094,0,Peer
11117,<12,1,0,42.746,0,Peer
11127,<12,1,0,3.89,0,OlderWife
11138,15-Dec,1,0,14.125,0,Peer
11140,<12,1,1,27.499,0,Peer
11146,<12,1,1,3.305,0,Peer
11149,<12,0,1,48.246,0,Peer
11153,<12,0,1,9.3335,1,Peer
11161,<12,1,1,14.535,0,Peer
11181,>15,0,0,10.992,0,OlderHusband
11184,15-Dec,1,1,12,1,Peer
11223,15-Dec,0,1,30.88,0,Peer
11227,15-Dec,1,0,4.526,0,OlderHusband
11234,>15,0,1,11.765,0,Peer
11244,<12,1,1,2.3545,1,Peer
11261,15-Dec,0,0,2.305,0,Peer
11268,15-Dec,0,0,0.945,0,OlderHusband
11270,<12,1,1,49.919,0,Peer
11275,15-Dec,1,0,4.252,1,Peer
11297,<12,1,1,14.5325,1,Peer
11315,<12,0,1,0.4985,1,Peer
11331,15-Dec,1,1,11.477,1,Peer
11334,15-Dec,1,0,10.352,0,OlderWife
11376,15-Dec,0,0,3.376,0,OlderHusband
11381,<12,0,0,13.333,0,Peer
11386,15-Dec,0,0,5.2075,1,Peer
11393,15-Dec,0,0,5.029,0,Peer
11395,<12,0,0,8.0435,1,Peer
11397,<12,1,1,26.311,0,Peer
11402,15-Dec,1,0,6.207,0,OlderHusband
11407,<12,1,1,4.6625,1,Peer
11412,15-Dec,1,0,26.138,0,OlderWife
11414,<12,1,0,16.205,0,Peer
11417,<12,0,1,54.251,0,Peer
11421,<12,1,1,17.15,0,Peer
11428,15-Dec,1,0,5.191,1,OlderWife
11432,<12,0,1,11.9455,1,Peer
11438,15-Dec,1,1,11.028,0,Peer
11451,15-Dec,1,0,18.823,0,OlderWife
11469,15-Dec,0,0,7.5115,1,Peer
11471,<12,0,0,6.001,0,Peer
11478,<12,1,1,24.611,1,Peer
11483,15-Dec,1,1,4.066,0,OlderHusband
11492,15-Dec,0,1,6.604,0,Peer
11493,15-Dec,0,0,4.419,1,Peer
11495,15-Dec,1,0,7.003,0,Peer
11514,<12,1,0,5.9465,1,Peer
11516,<12,1,0,1.9305,1,OlderHusband
11527,<12,1,1,14.998,0,Peer
11536,<12,0,1,35.455,0,Peer
11545,<12,1,0,16.999,0,Peer
11550,>15,0,0,19.168,0,Peer
11558,15-Dec,0,0,6.264,0,OlderWife
11559,<12,0,0,2.1795,1,Peer
11562,<12,0,0,1.5825,1,Peer
11571,15-Dec,0,1,0.835,0,OlderHusband
11576,<12,1,1,3.888,0,Peer
11579,<12,0,0,22.6245,1,Peer
11581,<12,0,0,23.428,1,Peer
11583,<12,0,1,11.0005,1,Peer
11586,15-Dec,1,0,4.057,0,OlderWife
11599,<12,0,0,17.906,0,Peer
11610,15-Dec,0,0,18.73,0,OlderHusband
11620,15-Dec,0,0,15.362,0,OlderHusband
11646,<12,0,0,15.362,0,Peer
11648,<12,0,1,8.789,0,Peer
11651,15-Dec,1,1,2.497,1,Peer
11659,<12,0,0,49.774,0,Peer
11662,<12,0,0,46.171,0,Peer
11663,<12,0,0,21.363,0,Peer
11675,15-Dec,0,0,14.998,0,Peer
11678,15-Dec,0,0,14.998,0,Peer
11681,15-Dec,0,1,12.4955,1,Peer
11683,15-Dec,0,1,1.1635,1,Peer
11686,<12,0,0,2.248,1,Peer
11690,<12,1,0,13.4645,1,Peer
11693,<12,0,0,28,0,Peer
11696,15-Dec,0,0,7.581,1,Peer
11698,15-Dec,0,0,16.9365,1,Peer
11715,<12,1,0,20.515,0,Peer
11719,<12,1,0,7.329,1,OlderWife
11735,<12,1,1,13.676,0,Peer
11739,15-Dec,1,0,9.1665,1,OlderHusband
11749,15-Dec,0,1,2.056,1,Peer
11751,<12,1,0,26.612,0,Peer
11754,<12,0,0,41.229,0,Peer
11758,15-Dec,0,0,20.348,0,Peer
11768,15-Dec,0,0,7.595,0,Peer
11771,15-Dec,0,0,9.169,0,OlderHusband
11775,<12,0,0,0.641,0,OlderWife
11777,15-Dec,0,0,14.428,0,Peer
11782,15-Dec,0,0,3.417,1,Peer
11791,15-Dec,0,0,0.698,0,OlderHusband
11794,15-Dec,1,1,5.002,0,Peer
11814,15-Dec,0,0,1.634,0,OlderHusband
11817,15-Dec,0,0,5.194,0,Peer
11820,15-Dec,1,1,9.821,0,Peer
11821,<12,1,1,7.811,0,Peer
11823,<12,0,0,14.0315,1,Peer
11826,15-Dec,0,0,24.819,0,Peer
11835,>15,0,0,7.332,1,Peer
11838,15-Dec,0,0,8.1615,1,Peer
11843,<12,0,0,2.982,0,OlderWife
11849,15-Dec,1,0,2.8935,1,OlderHusband
11859,<12,0,0,2.805,1,OlderHusband
11870,<12,0,1,20.041,0,Peer
11876,15-Dec,0,0,17.027,0,Peer
11879,<12,0,0,18.727,0,Peer
11886,15-Dec,0,0,7.918,1,OlderHusband
11897,15-Dec,0,0,19.682,0,Peer
11901,15-Dec,0,0,15.723,0,OlderHusband
11904,<12,1,0,23.227,1,Peer
11907,<12,0,0,9.002,0,Peer
11909,<12,0,0,18.204,0,Peer
11912,>15,0,0,18.283,0,Peer
11930,15-Dec,1,0,0.627,0,OlderHusband
11932,15-Dec,1,0,8.768,1,Peer
11937,15-Dec,1,0,9.3305,1,Peer
11941,<12,0,1,24.334,0,Peer
11963,15-Dec,1,1,20.112,0,Peer
11965,15-Dec,0,0,2.001,0,Peer
11967,<12,1,1,41.09,0,Peer
11973,15-Dec,1,1,1.906,0,Peer
11987,>15,0,1,20.12,0,Peer
11996,<12,0,0,4.167,1,Peer
12008,15-Dec,1,0,3.17,0,OlderWife
12025,<12,1,0,4.4405,1,OlderWife
12028,<12,0,1,19.285,0,Peer
12036,15-Dec,0,0,30.828,0,Peer
12040,<12,0,0,1.117,0,Peer
12045,15-Dec,1,1,9.509,0,Peer
12050,15-Dec,1,1,14.938,0,Peer
12053,<12,0,1,32.315,0,Peer
12057,15-Dec,0,1,26.308,0,Peer
12064,<12,1,1,26.511,0,Peer
12067,<12,0,1,28.679,0,Peer
12075,<12,1,1,13.295,1,Peer
12077,<12,1,1,25.166,0,Peer
12080,<12,0,1,0.621,0,Peer
12086,15-Dec,1,0,10.179,0,OlderHusband
12092,<12,0,1,9.873,0,Peer
12101,15-Dec,0,0,4.1645,1,Peer
12112,<12,1,1,10.894,0,Peer
12119,15-Dec,0,0,8.917,1,Peer
12120,15-Dec,0,0,8.917,1,Peer
12127,15-Dec,1,1,39.833,0,Peer
12132,>15,1,1,24.129,0,Peer
12150,15-Dec,0,1,7.8465,1,Peer
12152,<12,1,1,48.832,0,Peer
12163,15-Dec,1,1,26.976,0,Peer
12164,>15,1,0,2.289,0,OlderHusband
12165,15-Dec,0,1,26.976,0,Peer
12168,15-Dec,1,0,4.6625,1,OlderHusband
12172,<12,1,0,18.215,0,Peer
12174,<12,0,0,22.355,0,Peer
12176,<12,0,1,16.583,0,Peer
12184,<12,1,1,2.801,1,Peer
12200,<12,1,1,38.912,0,Peer
12206,15-Dec,0,1,11.409,0,Peer
12208,<12,1,0,11.409,0,OlderHusband
12210,<12,0,0,16.3465,1,Peer
12218,15-Dec,1,0,6.253,1,OlderHusband
12220,<12,1,1,9.626,0,Peer
12224,15-Dec,0,1,5.339,1,Peer
12230,15-Dec,1,1,16.964,1,Peer
12250,15-Dec,1,1,6.916,1,Peer
12272,<12,1,1,29.451,0,Peer
12277,<12,1,0,3.751,1,OlderHusband
12283,<12,1,0,1.837,0,Peer
12301,15-Dec,0,1,1.342,0,Peer
12302,<12,1,1,1.665,0,Peer
12306,15-Dec,1,0,1.1665,1,OlderWife
12312,<12,1,1,17.87,0,Peer
12316,15-Dec,1,1,21.087,0,Peer
12319,<12,1,0,6.7,0,Peer
12329,<12,1,1,12.3285,1,Peer
12337,15-Dec,0,0,13.933,0,Peer
12341,15-Dec,0,0,19.1075,1,Peer
12348,15-Dec,0,0,15.002,1,Peer
12352,>15,0,0,9.897,0,Peer
12356,<12,0,1,20,0,Peer
12358,<12,0,1,21.6265,1,Peer
12364,15-Dec,1,1,2.998,1,Peer
12366,<12,1,0,13.517,0,Peer
12370,>15,0,1,2.568,0,Peer
12381,<12,0,1,3.17,1,Peer
12385,15-Dec,1,1,19.975,0,Peer
12388,<12,0,0,24,0,Peer
12393,<12,0,0,6.497,1,Peer
12396,>15,0,0,6.0455,1,Peer
12399,15-Dec,0,0,25.667,1,Peer
12405,>15,0,0,15.817,0,Peer
12406,>15,0,0,15.817,0,OlderHusband
12410,>15,0,0,8.66,0,Peer
12417,>15,0,0,13.933,0,OlderWife
12425,<12,0,0,9.038,0,OlderWife
12429,>15,0,0,5.692,1,Peer
12436,>15,0,0,53.391,0,Peer
12440,15-Dec,0,0,7.165,1,Peer
12443,15-Dec,0,0,13.897,0,Peer
12454,15-Dec,1,1,16.72,0,Peer
12457,15-Dec,0,1,5.58,0,Peer
12464,<12,0,1,6.157,0,Peer
12467,15-Dec,0,0,9.166,1,Peer
12474,15-Dec,0,0,6.36,0,Peer
12476,15-Dec,1,0,6.606,0,Peer
12478,15-Dec,0,0,14.7705,1,Peer
12483,15-Dec,1,1,11.017,0,Peer
12505,15-Dec,1,1,3.044,0,Peer
12507,15-Dec,0,1,5.8755,1,Peer
12509,15-Dec,1,0,1.259,0,Peer
12535,<12,1,1,14.587,1,Peer
12538,15-Dec,1,0,4.063,0,OlderHusband
12543,<12,0,0,18.5585,1,Peer
12547,15-Dec,0,1,19.995,0,Peer
12560,<12,0,1,4.003,0,Peer
12563,15-Dec,0,0,28.49,0,Peer
12567,<12,0,0,4.72,0,Peer
12575,<12,0,0,4.92,0,OlderHusband
12577,<12,0,0,1.517,1,Peer
12579,15-Dec,1,0,27.1675,1,Peer
12580,15-Dec,0,1,8.419,1,Peer
12585,15-Dec,1,0,4.003,0,Peer
12586,15-Dec,1,1,11.7945,1,Peer
12601,15-Dec,0,1,20.142,0,Peer
12616,15-Dec,0,0,17.251,1,Peer
12618,<12,0,0,1.804,0,OlderWife
12624,<12,0,0,0.498,1,Peer
12627,<12,0,0,0.498,1,Peer
12633,15-Dec,0,0,9.5,0,Peer
12639,15-Dec,0,0,1.2485,1,Peer
12640,15-Dec,1,1,3.231,0,Peer
12643,15-Dec,1,0,1.7165,1,Peer
12649,15-Dec,0,0,9.002,0,Peer
12651,<12,0,0,11.759,1,Peer
12658,<12,1,1,14.497,0,Peer
12662,<12,0,0,36.999,0,Peer
12665,15-Dec,0,0,13.506,0,Peer
12667,<12,0,1,9.1085,1,Peer
12671,<12,0,0,6.382,0,OlderWife
12674,15-Dec,0,0,10.9625,1,Peer
12676,<12,0,0,54.877,0,OlderHusband
12683,15-Dec,0,0,2.166,1,Peer
12686,<12,0,1,23.17,1,Peer
12688,<12,0,1,10.7105,1,Peer
12691,<12,0,1,9.3305,1,Peer
12695,15-Dec,1,1,9.3305,1,Peer
12710,<12,0,1,18.82,0,Peer
12723,<12,0,1,18.338,0,Peer
12731,15-Dec,0,1,23.116,0,Peer
12748,<12,1,0,3.118,0,Peer
12750,<12,1,1,23.116,0,Peer
12761,15-Dec,0,1,4.479,0,Peer
12769,<12,1,1,51.168,0,Peer
12773,>15,1,1,10.689,0,Peer
12779,15-Dec,1,1,12.192,0,Peer
12784,15-Dec,1,0,12.167,0,OlderHusband
12787,15-Dec,0,0,29.254,1,Peer
12793,<12,0,1,11.335,1,Peer
12799,<12,1,0,7.537,0,OlderHusband
12802,<12,0,0,16.2985,1,Peer
12804,15-Dec,0,0,22.831,0,Peer
12806,<12,0,0,22.831,0,Peer
12814,<12,0,0,3.912,0,Peer
12823,<12,0,0,5.4975,1,Peer
12831,>15,0,0,2.1655,1,Peer
12833,15-Dec,0,1,23.0195,1,Peer
12837,15-Dec,1,1,10.012,0,Peer
12838,<12,0,1,7.6085,1,Peer
12840,<12,1,0,56.085,0,Peer
12850,<12,1,0,7.88,0,Peer
12856,15-Dec,1,0,7.335,1,Peer
12891,15-Dec,1,1,10.2125,1,Peer
12893,<12,0,0,10.3765,1,Peer
12896,<12,0,0,10.012,1,OlderHusband
12900,<12,0,0,1.1665,1,Peer
12906,<12,0,0,15.918,0,OlderWife
12929,<12,0,0,23.641,0,Peer
12943,<12,0,0,8.2135,1,Peer
12948,15-Dec,1,1,10.965,0,Peer
12953,15-Dec,0,1,16.81,0,Peer
12965,>15,1,0,9.106,0,Peer
12987,15-Dec,1,1,7.3595,1,Peer
12997,<12,0,1,3.8305,1,Peer
12999,15-Dec,1,0,8.3915,1,Peer
13001,15-Dec,0,0,31.036,0,Peer
13006,<12,0,0,0.775,0,Peer
13007,15-Dec,0,0,7.444,0,Peer
13010,>15,0,0,4.783,0,Peer
13021,<12,0,0,2.919,0,Peer
13024,15-Dec,0,0,43.943,0,Peer
13028,>15,0,0,21.062,0,Peer
13033,15-Dec,0,0,17.81,0,Peer
13037,>15,1,1,17.618,0,Peer
13045,<12,0,0,4.934,0,Peer
13048,<12,0,0,18.708,0,Peer
13052,<12,0,0,12.044,0,OlderWife
13058,<12,0,0,17.016,0,OlderWife
13062,15-Dec,0,0,17.016,0,Peer
13065,<12,0,0,12.999,0,Peer
13068,<12,0,0,20.246,1,Peer
13069,<12,0,0,10.453,0,Peer
13071,<12,0,0,9.002,0,Peer
13073,15-Dec,0,1,8.3995,1,Peer
13082,15-Dec,1,1,1.336,1,Peer
13102,15-Dec,0,1,17.164,0,Peer
13109,<12,1,1,10.256,0,Peer
13126,15-Dec,1,1,3.63,0,Peer
13129,<12,0,1,29.9985,1,Peer
13133,15-Dec,1,0,16.934,0,Peer
13141,15-Dec,1,0,8.274,0,OlderWife
13147,<12,1,1,23.474,0,Peer
13150,15-Dec,0,1,11.866,0,Peer
13152,15-Dec,0,0,26.144,0,Peer
13156,15-Dec,0,0,2.757,0,OlderHusband
13158,15-Dec,0,0,4.928,0,Peer
13162,15-Dec,0,0,2.757,0,Peer
13164,<12,0,0,1.002,0,Peer
13167,<12,0,0,1.002,0,Peer
13169,15-Dec,0,0,13.645,0,Peer
13178,15-Dec,1,0,9.591,0,OlderHusband
13197,<12,1,1,33.243,0,Peer
13200,<12,0,1,33.243,0,Peer
13211,<12,0,1,3.2525,1,Peer
13213,<12,0,0,12.977,0,Peer
13216,<12,0,0,29.944,0,Peer
13221,<12,0,0,3.8415,1,Peer
13227,<12,0,0,9.128,1,Peer
13229,15-Dec,0,0,9.7575,1,Peer
13230,15-Dec,0,0,15.54,0,Peer
13231,15-Dec,1,0,6.743,0,Peer
13257,15-Dec,0,1,12.731,1,Peer
13264,<12,1,0,0.512,1,Peer
13281,15-Dec,0,1,25.352,0,Peer
13286,>15,0,1,10.626,0,Peer
13303,<12,1,1,20.723,1,Peer
13304,15-Dec,0,1,2.847,0,Peer
13310,>15,1,1,5.7495,1,Peer
13312,>15,0,1,8.893,0,Peer
13340,<12,0,1,11.8985,1,Peer
13356,15-Dec,1,1,1.9985,1,Peer
13360,>15,1,1,5.6755,1,Peer
13373,<12,1,0,0.509,1,Peer
13382,<12,0,1,8.493,0,Peer
13385,15-Dec,0,0,9.8795,1,Peer
13388,15-Dec,0,1,8.003,0,Peer
13391,<12,0,1,9.9985,1,Peer
13393,<12,0,1,12.917,1,Peer
13398,15-Dec,0,1,6.4205,1,Peer
13401,<12,0,0,2.741,0,Peer
13403,<12,1,1,2.664,0,Peer
13405,<12,0,0,36.3915,1,Peer
13410,>15,0,0,20.205,0,Peer
13412,<12,0,0,39.257,1,Peer
13422,>15,1,1,25.169,1,Peer
13425,15-Dec,0,1,3.4115,1,Peer
13437,15-Dec,1,0,2.601,0,OlderHusband
13445,15-Dec,1,0,35.003,0,Peer
13455,15-Dec,0,1,15.433,0,Peer
13460,>15,0,1,17.845,0,Peer
13468,15-Dec,1,0,8.383,1,OlderWife
13478,<12,0,1,22.565,0,Peer
13480,<12,0,0,14.787,1,Peer
13482,<12,0,1,32.786,0,Peer
13491,<12,1,0,9.656,0,OlderWife
13497,<12,1,0,17.55,0,Peer
13498,15-Dec,1,0,2.045,0,Peer
13502,<12,1,0,5.977,0,Peer
13505,<12,0,1,26.497,1,Peer
13508,15-Dec,1,0,11.414,0,Peer
13521,<12,1,1,31.989,0,Peer
13538,<12,0,1,37.836,0,Peer
13547,15-Dec,1,1,42.508,0,Peer
13554,>15,0,0,14.7325,1,Peer
13571,15-Dec,1,0,3.351,0,Peer
13580,<12,1,0,6.396,0,OlderWife
13591,>15,1,1,1.1665,1,Peer
13595,<12,1,0,6.344,0,OlderHusband
13596,15-Dec,1,0,8.334,1,OlderWife
13611,15-Dec,0,0,24.027,0,Peer
13614,<12,0,1,14.817,0,Peer
13616,15-Dec,1,1,21.914,1,Peer
13636,15-Dec,1,1,4,1,Peer
13646,15-Dec,0,0,2.3795,1,Peer
13650,<12,0,1,26.48,0,Peer
13655,<12,1,0,5.169,1,Peer
13677,<12,1,1,20.17,0,Peer
13683,<12,1,1,47.25,0,Peer
13686,15-Dec,1,0,21.328,0,Peer
13688,<12,1,1,35.24,0,Peer
13700,15-Dec,1,1,13.974,0,Peer
13702,<12,1,0,21.21,0,Peer
13717,<12,0,0,14.001,0,Peer
13724,15-Dec,0,1,3.5,1,Peer
13731,<12,0,1,27.967,0,Peer
13733,<12,1,0,13.509,0,Peer
13747,15-Dec,1,1,26.664,0,Peer
13754,<12,1,0,4,0,Peer
13765,15-Dec,1,1,13.908,0,Peer
13774,<12,1,1,22.4015,1,Peer
13787,15-Dec,1,1,13.446,0,Peer
13790,<12,0,0,12.865,0,Peer
13793,<12,0,1,26.001,0,Peer
13795,<12,1,0,16.203,0,Peer
13817,<12,1,0,19.055,0,OlderHusband
13827,<12,1,0,14.324,0,OlderHusband
13849,<12,1,1,20.0435,1,Peer
13864,<12,1,0,2.004,0,Peer
13871,15-Dec,1,0,11.034,0,OlderHusband
13887,15-Dec,0,0,15.6715,1,Peer
13895,15-Dec,0,1,10.103,0,Peer
13897,<12,1,1,26.272,0,Peer
13900,<12,0,1,26.272,0,Peer
13908,15-Dec,1,0,5.218,0,OlderWife
13918,<12,1,1,13.446,0,Peer
13922,<12,0,0,56.882,0,Peer
13934,<12,0,0,16.312,1,Peer
13937,<12,0,1,8.496,0,Peer
13940,15-Dec,0,1,26.22,0,Peer
13944,<12,1,1,1.2075,1,Peer
13950,<12,1,0,7.023,0,Peer
13953,15-Dec,1,0,7.023,0,Peer
13955,<12,1,1,43.671,0,Peer
13958,15-Dec,1,0,11.433,0,OlderWife
13964,<12,1,0,0.586,1,OlderWife
13975,<12,1,0,21.821,0,OlderHusband
13977,<12,0,1,5.988,0,Peer
13994,<12,1,0,16.156,0,Peer
14002,15-Dec,1,0,1.035,0,OlderHusband
14006,>15,0,1,1.035,0,Peer
14012,15-Dec,0,0,9.81,0,Peer
14017,15-Dec,0,0,15.901,0,OlderHusband
14018,15-Dec,0,0,23.915,0,Peer
14026,<12,0,0,5.84,1,Peer
14042,15-Dec,1,0,1.363,0,Peer
14043,<12,0,0,18.579,1,Peer
14051,15-Dec,1,0,7.732,0,OlderWife
14061,15-Dec,1,0,7.732,0,Peer
14063,<12,1,1,42.461,0,Peer
14067,15-Dec,0,1,9.933,0,Peer
14069,<12,1,1,4.1615,1,Peer
14083,<12,1,0,8.304,0,OlderHusband
14087,15-Dec,1,0,4.118,0,OlderHusband
14096,<12,0,0,25.087,0,Peer
14100,<12,0,0,25.7495,1,Peer
14117,<12,1,0,9.999,0,Peer
14122,<12,0,1,1.4865,1,Peer
14126,15-Dec,0,1,0.999,1,Peer
14134,15-Dec,1,1,15.537,0,Peer
14136,15-Dec,1,1,16.003,0,Peer
14161,<12,0,1,60.353,0,Peer
14214,15-Dec,0,1,9.988,1,Peer
14234,<12,1,0,5.823,0,Peer
14244,<12,1,0,23.951,0,Peer
14246,<12,1,0,9.005,0,Peer
14248,<12,1,0,6.7295,1,Peer
14250,<12,1,0,32,0,Peer
14254,15-Dec,1,1,4.359,0,Peer
14257,15-Dec,0,0,3.4965,1,Peer
14258,15-Dec,1,1,16.397,0,Peer
14260,<12,1,1,21.999,0,Peer
14263,15-Dec,0,1,2.664,1,Peer
14265,<12,1,0,7.001,0,Peer
14267,<12,1,1,36.923,0,Peer
14270,<12,0,1,36.923,0,Peer
14274,15-Dec,0,1,5.834,1,Peer
14280,15-Dec,1,1,5.944,0,Peer
14289,15-Dec,1,0,8.309,0,OlderHusband
14291,<12,1,0,6.004,1,Peer
14294,15-Dec,0,0,15.001,0,Peer
14298,<12,0,0,16.438,0,Peer
14304,<12,0,0,9.8755,1,Peer
14307,15-Dec,0,0,25.106,0,Peer
14308,15-Dec,0,0,8.249,1,Peer
14318,15-Dec,0,0,2.513,0,Peer
14320,<12,1,1,0.8735,1,Peer
14323,15-Dec,1,0,3.97,0,OlderWife
14325,<12,1,0,27.6345,1,Peer
14336,<12,0,1,25.916,0,Peer
14346,<12,1,0,42.672,0,OlderHusband
14350,15-Dec,1,0,8.162,0,Peer
14353,<12,0,0,51.748,0,Peer
14356,<12,1,0,16.999,0,Peer
14358,15-Dec,0,0,16.194,0,Peer
14360,<12,0,0,12.999,0,Peer
14362,<12,1,1,13.999,0,Peer
14365,15-Dec,0,1,13.999,0,Peer
14368,>15,1,0,6.486,1,OlderHusband
14377,15-Dec,0,1,5.2125,1,Peer
14381,15-Dec,1,0,5.911,0,OlderWife
14392,15-Dec,1,1,1.002,1,Peer
14394,15-Dec,1,0,4.589,1,OlderWife
14397,15-Dec,1,0,6.935,0,Peer
14400,15-Dec,1,0,24,0,Peer
14403,15-Dec,0,0,37.793,0,Peer
14411,15-Dec,0,0,14.472,0,Peer
14413,<12,0,0,7.6595,1,Peer
14420,15-Dec,1,0,4.249,1,Peer
14421,<12,0,0,34.303,0,Peer
14430,<12,1,0,7.655,0,OlderWife
14437,<12,0,1,14.834,1,Peer
14440,<12,0,0,25.187,1,Peer
14444,15-Dec,0,1,5.0155,1,Peer
14448,>15,0,1,7.258,1,Peer
14455,15-Dec,0,0,2.53,0,OlderWife
14457,<12,0,0,13.1665,1,Peer
14474,15-Dec,0,0,7.288,0,OlderHusband
14484,15-Dec,0,0,7.288,0,Peer
14490,15-Dec,0,0,4.101,0,OlderWife
14493,<12,0,0,32.416,0,Peer
14500,<12,0,0,6.283,0,OlderWife
14501,<12,0,0,2.245,0,OlderWife
14507,15-Dec,0,0,2.084,0,Peer
14516,15-Dec,1,1,4.268,1,Peer
14527,<12,1,1,21.999,0,Peer
14530,15-Dec,0,1,21.999,0,Peer
14533,15-Dec,0,0,14.683,0,Peer
14546,<12,0,0,34.543,0,Peer
14551,15-Dec,1,0,8.999,0,Peer
14553,<12,0,0,7.091,1,Peer
14562,<12,1,0,3.001,0,Peer
14564,<12,1,1,7.2155,1,Peer
14570,<12,0,0,4.665,1,Peer
14572,<12,0,0,34.505,0,Peer
14575,<12,0,1,22.998,0,Peer
14579,15-Dec,0,0,6.9595,1,Peer
14590,15-Dec,0,0,9.158,0,Peer
14592,15-Dec,0,0,2.2535,1,Peer
14594,15-Dec,1,1,4.4295,1,Peer
14613,<12,1,1,27.253,0,Peer
14615,<12,1,0,15.2635,1,Peer
14622,15-Dec,0,0,8.331,0,Peer
14630,<12,0,0,26.877,0,Peer
14636,15-Dec,1,0,3.882,0,Peer
14639,15-Dec,0,0,40.726,0,Peer
14643,>15,0,0,6.552,1,OlderWife
14649,15-Dec,0,0,12.854,0,Peer
14658,<12,0,0,6.502,0,OlderWife
14665,>15,1,0,8.887,0,OlderHusband
14670,15-Dec,0,0,5.454,0,OlderWife
14690,15-Dec,1,1,7.086,0,Peer
14694,15-Dec,1,0,17.777,0,Peer
14699,<12,1,0,17.029,0,Peer
14702,<12,0,1,31.017,0,Peer
14707,<12,0,1,2.62,0,Peer
14711,15-Dec,1,0,4.6955,1,Peer
14714,15-Dec,0,1,41.309,0,Peer
14718,15-Dec,0,1,24.082,0,Peer
14723,15-Dec,1,1,20.145,0,Peer
14733,<12,0,0,35.228,0,Peer
14734,15-Dec,0,0,1.684,0,Peer
14738,<12,0,0,12.98,0,Peer
14741,<12,0,1,21.081,0,Peer
14754,<12,1,0,34.268,0,Peer
14756,<12,1,0,41.095,0,Peer
14767,<12,1,0,14.4505,1,OlderHusband
14782,<12,0,1,48.005,0,Peer
14790,15-Dec,0,0,4.756,0,Peer
14802,<12,1,0,18.3095,1,Peer
14808,<12,0,1,16.9145,1,Peer
14822,<12,1,0,0.835,0,Peer
14825,<12,1,0,8.14,0,Peer
14827,<12,1,0,11.398,0,Peer
14828,15-Dec,1,1,12.572,0,Peer
14830,15-Dec,1,1,2.554,0,Peer
14833,15-Dec,1,0,2.552,0,Peer
14835,<12,1,1,8,0,Peer
14839,15-Dec,0,1,1.5825,1,Peer
14844,<12,1,1,10.333,0,Peer
14851,>15,1,0,6.524,0,Peer
14857,<12,0,0,8.501,1,Peer
14860,15-Dec,0,0,8.92,1,Peer
14867,<12,0,0,20.999,0,Peer
14870,15-Dec,0,0,11.0825,1,Peer
14871,15-Dec,0,0,23.299,0,Peer
14876,<12,0,0,7.948,0,Peer
14878,15-Dec,0,0,7.948,0,Peer
14883,15-Dec,0,0,24.153,0,Peer
14884,15-Dec,0,0,24.153,0,Peer
14888,15-Dec,0,0,13.903,0,Peer
14901,<12,0,0,2.4885,1,Peer
14907,<12,0,1,34.664,0,Peer
14916,<12,1,1,6.1305,1,Peer
14922,<12,1,0,2.2775,1,OlderHusband
14929,15-Dec,1,0,11.335,1,Peer
14938,>15,1,0,3.129,0,Peer
14951,15-Dec,0,1,32.6025,1,Peer
14957,<12,1,0,7.08,1,OlderHusband
14958,15-Dec,1,0,7.8195,1,OlderHusband
14962,>15,1,1,12.687,0,Peer
14972,<12,0,1,50.639,0,Peer
14985,15-Dec,0,0,30.1655,1,Peer
14988,15-Dec,0,0,32,0,Peer
14992,15-Dec,0,1,7.066,0,Peer
15005,15-Dec,1,1,24.9995,1,Peer
15007,<12,1,1,5.2045,1,Peer
15011,<12,0,1,0.194,1,Peer
15018,<12,1,1,4.115,0,Peer
15027,15-Dec,0,0,4.468,0,Peer
15038,15-Dec,0,0,9.651,0,OlderWife
15041,<12,0,0,31.173,0,Peer
15046,<12,0,0,51.337,0,Peer
15057,<12,0,1,9.024,1,Peer
15061,15-Dec,1,0,0.222,0,Peer
15079,15-Dec,0,0,3.1565,1,Peer
15086,15-Dec,0,0,14.168,1,Peer
15090,15-Dec,1,1,2.171,0,Peer
15095,<12,0,1,0.687,0,Peer
15101,<12,1,1,3.379,0,Peer
15107,<12,1,1,5.1935,1,Peer
15113,15-Dec,1,0,2.927,0,Peer
15115,15-Dec,1,0,11.3565,1,Peer
15126,15-Dec,0,1,12.263,0,Peer
15137,15-Dec,0,0,8.945,0,Peer
15138,15-Dec,0,0,20.605,0,Peer
15140,<12,1,0,26.001,0,Peer
15142,<12,1,1,35.274,0,Peer
15158,15-Dec,0,1,1.1665,1,Peer
15161,<12,1,0,12.999,0,Peer
15164,15-Dec,0,1,13.9195,1,Peer
15167,15-Dec,1,1,12.553,1,Peer
15169,<12,1,1,37.158,0,Peer
15172,<12,0,1,37.158,0,Peer
15176,15-Dec,1,1,12.726,0,Peer
15183,<12,1,0,7.592,0,OlderWife
15185,<12,1,1,1.5115,1,Peer
15186,15-Dec,0,0,7.05,0,Peer
15190,<12,0,1,28,0,Peer
15193,15-Dec,0,0,6.8365,1,Peer
15196,<12,0,1,12.085,1,Peer
15219,15-Dec,1,0,15.847,0,OlderWife
15226,<12,1,0,15.847,0,OlderHusband
15234,15-Dec,1,0,11.105,0,OlderHusband
15243,<12,1,0,6.007,0,OlderHusband
15257,<12,1,0,1.812,0,OlderHusband
15259,<12,0,0,14.998,0,Peer
15262,<12,0,0,14.998,0,Peer
15266,<12,1,1,54.418,0,Peer
15275,<12,1,0,22.946,0,Peer
15314,>15,1,0,12.816,0,OlderHusband
15347,>15,0,0,5.67,0,Peer
15355,>15,0,0,2.33,0,Peer
15364,<12,0,0,0.348,0,Peer
15376,15-Dec,0,1,5.331,0,Peer
15379,<12,0,1,18.669,0,Peer
15403,15-Dec,0,1,7.922,0,Peer
15406,<12,0,1,35.507,0,Peer
15410,15-Dec,1,0,9.555,0,OlderHusband
15421,<12,0,1,20.684,0,Peer
15427,15-Dec,1,1,13.2375,1,Peer
15442,<12,0,0,9.231,1,Peer
15445,15-Dec,0,0,7.042,0,Peer
15451,<12,0,0,35.187,0,Peer
15462,<12,1,0,22.563,0,Peer
15464,<12,1,0,27.529,0,Peer
15468,<12,1,0,9.254,0,OlderHusband
15471,>15,0,0,10.749,1,Peer
15474,15-Dec,0,1,43.017,0,Peer
15477,<12,0,1,32.999,0,Peer
15482,15-Dec,0,1,2.516,0,Peer
15488,<12,0,0,17.999,0,Peer
15490,15-Dec,0,1,1.29,0,Peer
15492,<12,1,0,10.133,1,Peer
15495,15-Dec,0,1,4,0,Peer
15498,15-Dec,0,1,33.919,0,Peer
15502,15-Dec,0,0,5.2485,1,Peer
15508,15-Dec,0,0,6.9155,1,Peer
15511,15-Dec,0,1,15.4195,1,Peer
15513,<12,1,0,31.855,0,Peer
15516,15-Dec,0,1,12.504,1,Peer
15520,<12,0,1,42.949,0,Peer
15523,<12,0,1,1.2925,1,Peer
15529,15-Dec,0,0,10.004,0,Peer
15536,15-Dec,0,0,22.138,0,Peer
15544,<12,0,0,6.442,0,OlderHusband
15563,15-Dec,0,0,6.919,0,Peer
15572,>15,0,0,14.768,0,Peer
15587,<12,1,1,42.847,0,Peer
15590,15-Dec,0,1,42.847,0,Peer
15620,15-Dec,1,0,5.812,0,Peer
15629,15-Dec,1,0,11.959,0,OlderWife
15631,<12,1,1,50.877,0,Peer
15635,15-Dec,0,1,16.005,0,Peer
15639,15-Dec,0,0,14.757,0,OlderWife
15645,15-Dec,1,0,3.146,0,OlderWife
15651,<12,0,0,15.02,0,Peer
15653,15-Dec,1,0,12.654,0,OlderWife
15666,15-Dec,0,0,9.44,0,Peer
15672,<12,0,1,24,0,Peer
15703,15-Dec,0,1,20.775,0,Peer
15704,<12,1,1,3.08,1,Peer
15710,<12,0,0,9.1715,1,Peer
15717,<12,0,0,5.914,1,OlderHusband
15721,<12,0,0,5.711,0,OlderWife
15733,<12,0,0,2.1655,1,Peer
15735,<12,0,0,46.16,0,Peer
15738,<12,0,1,29.999,0,Peer
15744,<12,0,0,46.511,0,Peer
15747,<12,0,0,46.511,0,Peer
15752,15-Dec,0,0,23.075,0,Peer
15758,<12,1,1,4.578,1,Peer
15761,<12,0,1,6.6255,1,Peer
15763,<12,0,0,43.715,0,Peer
15765,<12,0,0,6.998,0,OlderHusband
15767,<12,0,0,15.587,1,Peer
15771,<12,0,0,3.253,0,Peer
15781,15-Dec,1,0,3.203,0,OlderHusband
15790,15-Dec,1,0,11.978,0,Peer
15801,15-Dec,0,1,8.6215,1,Peer
15804,<12,0,1,47.42,0,Peer
15813,15-Dec,1,0,7.176,0,OlderHusband
15827,15-Dec,1,0,2.062,0,Peer
15837,<12,1,0,9.48,1,Peer
15851,15-Dec,1,0,11.546,0,OlderHusband
15860,<12,0,1,54.059,0,Peer
15870,15-Dec,0,0,11.42,0,OlderHusband
15881,<12,0,0,19.283,0,Peer
15884,15-Dec,0,0,11.86,0,Peer
15889,15-Dec,0,0,7.25,1,OlderWife
15897,15-Dec,1,0,9.246,0,Peer
15899,<12,1,1,1.506,0,Peer
15901,<12,0,1,8.668,1,Peer
15911,>15,0,1,6.234,0,Peer
15920,<12,1,1,54.943,0,Peer
15921,<12,1,0,19.748,0,Peer
15927,<12,1,0,9.656,0,OlderHusband
15929,<12,0,1,10.253,1,Peer
15935,<12,1,0,41.6275,1,Peer
15937,<12,0,0,0.9995,1,Peer
15942,<12,0,0,13.435,0,Peer
15946,15-Dec,1,0,2.475,0,Peer
15964,15-Dec,0,1,4.164,0,Peer
15967,<12,0,1,3.669,0,Peer
15975,15-Dec,1,0,6.919,0,Peer
15994,15-Dec,1,0,1.897,0,OlderHusband
16005,<12,1,1,18.992,0,Peer
16013,<12,1,0,19.107,0,Peer
16020,<12,1,0,9.974,0,OlderHusband
16024,15-Dec,1,0,5.733,1,Peer
16031,15-Dec,0,1,13.173,0,Peer
16053,15-Dec,1,0,11.069,0,Peer
16062,15-Dec,0,1,5.418,1,Peer
16071,>15,1,1,6.7895,1,Peer
16075,<12,0,0,7.001,0,Peer
16077,<12,1,0,24.999,0,Peer
16079,<12,1,1,46.65,0,Peer
16087,>15,1,0,0.956,0,OlderHusband
16104,15-Dec,1,0,5.7495,1,Peer
16122,15-Dec,1,0,13.383,0,OlderHusband
16125,15-Dec,0,0,15.997,0,Peer
16127,15-Dec,0,0,34.809,0,Peer
16130,15-Dec,0,0,34.809,0,Peer
16134,<12,0,0,9.93,0,Peer
16140,15-Dec,0,0,2.075,1,OlderWife
16141,15-Dec,0,0,9.93,0,Peer
16144,15-Dec,0,1,24.999,0,Peer
16146,15-Dec,1,1,36.586,0,Peer
16152,<12,1,0,2.3055,1,Peer
16155,15-Dec,1,0,19.37,0,Peer
16160,<12,1,1,49.287,0,Peer
16166,>15,0,0,10.086,1,Peer
16167,>15,0,0,11.159,0,Peer
16171,<12,0,0,6.597,1,Peer
16173,<12,1,1,30.5285,1,Peer
16176,15-Dec,0,1,31.918,1,Peer
16206,15-Dec,0,1,30.018,0,Peer
16208,<12,1,0,9.9,1,Peer
16217,<12,0,1,6.886,0,Peer
16218,15-Dec,1,0,6.886,0,Peer
16228,15-Dec,1,0,0.862,0,OlderHusband
16232,15-Dec,1,1,0.999,0,Peer
16246,<12,0,1,3.11,0,Peer
16258,15-Dec,0,1,16,1,Peer
16262,<12,1,1,0.58,1,Peer
16269,<12,0,0,27.001,0,Peer
16271,<12,0,0,6.166,1,Peer
16273,<12,0,1,14.2095,1,Peer
16276,<12,0,1,18.667,0,Peer
16281,15-Dec,1,1,30.91,0,Peer
16287,15-Dec,1,0,3.751,1,OlderHusband
16291,15-Dec,1,0,3.751,1,OlderHusband
16296,<12,0,1,5.67,1,Peer
16300,<12,1,1,5.4185,1,Peer
16314,15-Dec,0,1,5.038,0,Peer
16318,<12,0,1,5.67,1,Peer
16323,15-Dec,1,0,7.786,0,Peer
16330,<12,1,0,6.995,0,Peer
16336,15-Dec,1,0,6.995,0,OlderHusband
16341,15-Dec,1,1,8,1,Peer
16342,>15,1,1,8,1,OlderHusband
16347,<12,1,1,6.1655,1,Peer
16349,15-Dec,1,0,5.002,0,Peer
16358,15-Dec,0,0,20.167,1,Peer
16364,15-Dec,0,0,25.752,0,Peer
16367,<12,0,1,20,0,Peer
16369,<12,1,1,18.998,0,Peer
16386,<12,1,1,13.002,0,Peer
16397,<12,1,0,8.427,1,OlderHusband
16403,<12,1,0,4.832,1,OlderWife
16406,15-Dec,1,0,4.832,1,OlderHusband
16412,<12,0,1,23.2935,1,Peer
16415,<12,0,1,25.123,0,Peer
16428,<12,1,1,2.1275,1,Peer
16429,<12,0,1,15.0855,1,Peer
16436,15-Dec,1,1,4.942,0,Peer
16440,>15,0,0,19.146,0,Peer
16445,15-Dec,0,0,5.9575,1,Peer
16448,15-Dec,0,1,33.859,0,Peer
16454,<12,0,1,9.977,0,Peer
16457,<12,0,1,20.3285,1,Peer
16466,<12,1,1,7.299,0,Peer
16472,15-Dec,1,0,4.249,0,OlderHusband
16474,15-Dec,1,1,49.834,0,Peer
16478,15-Dec,1,0,6.85,0,OlderHusband
16485,15-Dec,1,1,7.299,0,Peer
16487,<12,1,0,24.999,0,Peer
16489,<12,1,1,39.247,0,Peer
16494,15-Dec,0,1,16.444,0,Peer
16509,15-Dec,1,0,9.405,0,OlderHusband
16517,15-Dec,1,0,6.617,0,Peer
16533,<12,1,1,18.374,0,Peer
16537,<12,1,0,18.374,0,Peer
16557,15-Dec,0,1,24,0,Peer
16559,<12,1,1,10.001,0,Peer
16562,<12,0,1,10.001,0,Peer
16564,<12,1,1,49.35,0,Peer
16569,15-Dec,1,0,6.877,0,Peer
16576,15-Dec,1,1,6.954,1,Peer
16582,15-Dec,1,0,11.847,0,OlderHusband
16592,<12,0,1,4.068,0,Peer
16594,<12,1,0,19.88,0,Peer
16598,15-Dec,1,0,4.068,0,OlderHusband
16600,<12,1,1,18.905,1,Peer
16603,<12,0,1,36.58,0,Peer
16608,15-Dec,0,1,2.908,0,Peer
16611,<12,1,1,6.664,1,Peer
16613,<12,1,1,10.998,1,Peer
16626,15-Dec,0,1,14.762,0,Peer
16631,15-Dec,1,1,10.962,0,Peer
16633,15-Dec,0,1,17.758,0,Peer
16636,<12,1,0,0.816,0,OlderWife
16638,<12,1,0,17.7465,1,Peer
16640,<12,1,1,28.419,0,Peer
16643,<12,0,1,26.582,0,Peer
16652,<12,1,1,4.134,1,Peer
16654,15-Dec,0,1,15.959,0,Peer
16658,<12,1,0,6.888,0,Peer
16667,15-Dec,1,0,3.2825,1,Peer
16669,<12,1,0,41.391,0,Peer
16679,>15,0,0,13.196,0,Peer
16685,>15,0,0,25.886,0,Peer
16686,15-Dec,0,0,25.886,0,Peer
16689,15-Dec,0,1,9.6535,1,Peer
16691,<12,1,1,59.452,0,Peer
16695,15-Dec,0,1,21.93,0,Peer
16699,<12,1,1,6.59,1,Peer
16706,>15,1,0,7.915,0,Peer
16709,15-Dec,0,1,32.621,0,Peer
16713,<12,0,1,22.858,0,Peer
16715,<12,1,0,29.478,0,Peer
16717,<12,1,1,21.584,1,Peer
16720,<12,0,1,28.9365,1,Peer
16724,15-Dec,0,1,3.083,1,Peer
16731,<12,1,0,12.89,0,Peer
16733,>15,1,0,16.95,0,Peer
16735,15-Dec,1,1,5.032,1,Peer
16737,<12,1,1,40.98,0,Peer
16741,<12,1,0,2.6635,1,OlderWife
16746,<12,1,1,8.616,1,Peer
16750,15-Dec,1,1,12.671,1,Peer
16769,15-Dec,1,1,16.216,0,Peer
16780,15-Dec,1,0,4.17,1,Peer
16788,15-Dec,1,0,1.314,0,OlderHusband
16797,<12,0,1,11.4115,1,Peer
16809,15-Dec,1,0,22.93,0,OlderHusband
16821,<12,0,1,19.001,0,Peer
16830,15-Dec,1,0,9.413,1,OlderHusband
16843,15-Dec,0,1,41.158,0,Peer
16851,>15,1,1,2.094,0,Peer
16855,<12,0,0,22.346,0,Peer
16865,<12,1,0,0.301,0,OlderHusband
16880,<12,1,0,0.301,0,OlderHusband
16882,15-Dec,1,1,28.342,0,Peer
16887,15-Dec,0,1,8.942,0,Peer
16892,<12,0,1,36.474,0,Peer
16900,15-Dec,1,1,3.8355,1,Peer
16904,<12,1,1,27.88,0,Peer
16908,<12,1,0,1.418,0,OlderHusband
16914,<12,1,0,0.728,0,OlderHusband
16916,<12,1,1,28.882,0,Peer
16930,<12,1,1,24.334,1,Peer
16939,<12,1,0,13.079,0,Peer
16942,15-Dec,1,1,19.075,0,Peer
16944,<12,1,1,49.963,0,Peer
16955,<12,0,1,41.361,0,Peer
16961,>15,0,1,25.572,0,Peer
16965,<12,0,1,50.157,0,Peer
16971,>15,0,0,24.931,0,Peer
16981,15-Dec,0,0,11.239,1,Peer
16985,<12,0,0,20.912,0,Peer
16996,>15,0,0,20.085,0,Peer
17001,15-Dec,0,0,6.9185,1,OlderWife
17003,15-Dec,0,0,13.5825,1,Peer
17009,15-Dec,0,0,6.653,1,OlderHusband
17018,15-Dec,0,0,3.918,0,OlderHusband
17024,15-Dec,0,1,3.5485,1,Peer
17033,<12,1,0,8.485,0,OlderHusband
17035,<12,1,1,17.892,0,Peer
17041,<12,1,0,22.6555,1,Peer
17045,>15,1,0,1.541,0,Peer
17053,<12,0,0,12.0905,1,Peer
17057,15-Dec,0,0,18.086,0,Peer
17060,15-Dec,0,0,18.086,0,Peer
17063,<12,0,1,10.166,0,Peer
17069,<12,1,1,10.0865,1,Peer
17071,<12,1,0,17.3855,1,Peer
17073,15-Dec,1,1,14.001,0,Peer
17076,15-Dec,0,1,13.251,1,Peer
17081,<12,1,1,14.04,1,Peer
17089,<12,0,0,15.781,0,OlderHusband
17090,<12,0,0,2.6475,1,Peer
17092,15-Dec,0,0,22.1625,1,Peer
17112,<12,0,1,24.917,0,Peer
17125,<12,1,0,13.06,0,Peer
17131,15-Dec,1,0,10.932,1,Peer
17134,15-Dec,1,0,13.06,0,Peer
17136,<12,1,1,51.666,0,Peer
17141,15-Dec,1,0,17.013,0,Peer
17144,15-Dec,0,1,28.37,0,Peer
17148,<12,1,1,4.318,0,Peer
17157,15-Dec,0,1,6.4175,1,Peer
17162,15-Dec,1,0,1.227,0,Peer
17163,<12,1,0,0.986,0,OlderWife
17173,<12,1,0,7.097,0,OlderWife
17175,<12,0,1,36.9885,1,Peer
17180,15-Dec,1,0,12.945,0,OlderHusband
17190,<12,1,1,1.966,1,Peer
17211,15-Dec,0,0,2.913,0,Peer
17219,<12,0,1,31.567,0,Peer
17226,<12,1,1,4.156,1,Peer
17229,<12,1,0,16.434,1,Peer
17231,15-Dec,1,0,6.382,1,Peer
17233,<12,1,0,19.003,0,Peer
17237,<12,1,0,33.651,0,OlderHusband
17242,<12,0,1,27.264,0,Peer
17249,<12,0,1,6.319,0,Peer
17255,15-Dec,1,0,13.415,0,OlderWife
17264,15-Dec,0,1,4.457,0,Peer
17271,<12,1,1,0.444,0,Peer
17272,>15,1,0,8.5855,1,Peer
17275,15-Dec,0,1,15.828,0,Peer
17280,15-Dec,1,1,17.144,0,Peer
17283,<12,0,1,44.747,0,Peer
17290,<12,1,0,4.372,0,Peer
17294,15-Dec,1,0,7.269,0,OlderHusband
17302,15-Dec,0,1,18.73,0,Peer
